"Order Ref","Order Lines/Product/Internal Reference","Order Lines/Quantity"
"Main/0129","36DJ4005","1.0"
"Main/0090 REFUND","36DS1201","-1.0"
"admin/0001 REFUND","01100315","-1.0"
"admin/0002 REFUND","01100615","-1.0"
"","01100818","-1.0"
"","DU191045","-1.0"
"","DS101046","-1.0"
"admin/0003 REFUND","01100315","-1.0"
"admin/0004 REFUND","01100315","-1.0"
"admin/0004","01100315","1.0"
"Shop/0295","36AA1003","1.0"
"","AA101328","1.0"
"","AA101622","1.0"
"","AN131023","1.0"
"","AA101134","1.0"
"","AA101015","1.0"
"","AA101261","1.0"
"","24131032","1.0"
"","22131014","2.0"
"","AA121006","1.0"
"","39252820","1.0"
"","28101110","1.0"
"","28101118","1.0"
"","BA132141","1.0"
"","36AA1004","1.0"
"Main/0128","DJ221003","1.0"
"","DJ221004","1.0"
"Shop/0294","AP111023","1.0"
"Shop/0293","30151105","1.0"
"Shop/0292","39104619","1.0"
"Shop/0291","PA181281","1.0"
"Shop/0290","01100342K","1.0"
"Main/0127","30151105","1.0"
"","DJ151071","1.0"
"","DD111018","2.0"
"Shop/0289","DD111018","1.0"
"Shop/0288","JL181008","1.0"
"Main/0126","AB171044","1.0"
"","AB171016","1.0"
"Main/0125","24101050","1.0"
"Main/0124","36BA4002","1.0"
"Shop/0287","AA111093","1.0"
"Main/0123","36BA4009","1.0"
"","AB181017","1.0"
"","AB181012","1.0"
"","AB181002","1.0"
"","36AB4001","1.0"
"Shop/0286","JF181402","1.0"
"Shop/0285","DD111018","1.0"
"Main/0122","36DZ0002","1.0"
"","DU201008","1.0"
"","DU201010","1.0"
"Shop/0284","CD101082","1.0"
"","36241010","1.0"
"","03100338","1.0"
"","05101018","1.0"
"","36222256","1.0"
"","36011001","1.0"
"","24101056","1.0"
"","06101009","1.0"
"","05101071","1.0"
"","24100308","1.0"
"","24130105","2.0"
"","22131018","2.0"
"","03100335","1.0"
"","05101072","1.0"
"","24101545","1.0"
"","AE101016K","1.0"
"","AE121001","1.0"
"","39213319","1.0"
"Main/0121","AA101033","1.0"
"Main/0120","39201719","2.0"
"Shop/0283","JZ581011","1.0"
"Shop/0282","30101096","4.0"
"","36DD4008","1.0"
"","JA541212","1.0"
"","JZ161203","1.0"
"Shop/0281","31101033","1.0"
"Main/0119","AN131023","1.0"
"","36AN0013","1.0"
"","AA101499","1.0"
"","36AA4042","1.0"
"","36AA1004","1.0"
"","AA101666","1.0"
"","31101020","2.0"
"","13101024","1.0"
"","AA101137","1.0"
"","39103519","2.0"
"","28101118","2.0"
"","28101110","1.0"
"","AB101067","1.0"
"","AZ351002","1.0"
"","AA101598","1.0"
"","AA101213","1.0"
"","AN131023","1.0"
"","AA101569","1.0"
"","AA101565","1.0"
"","AA101564","1.0"
"Shop/0280","36311006","1.0"
"Shop/0279","31151021","4.0"
"Shop/0278","36JZ0002","1.0"
"","DS101036","1.0"
"","36JE0003","1.0"
"","39201719","2.0"
"","36JZ0001","1.0"
"","JG551447","4.0"
"","DH101520","1.0"
"","JD511008","1.0"
"","JD521002","1.0"
"","JA541212","1.0"
"Main/0118","AA121150","1.0"
"Main/0117","24201488","1.0"
"Main/0116","AN101186","1.0"
"","AN101166","1.0"
"","AN101257","1.0"
"","AA102094","1.0"
"Shop/0277","AL201066","1.0"
"","BG113803","1.0"
"","AL201017","1.0"
"","AP161072","1.0"
"Shop/0276","52DJ0905","1.0"
"Shop/0275","24151097","1.0"
"Main/0115","AA101328","1.0"
"","36AA1003","1.0"
"","36AA1004","1.0"
"","28101110","1.0"
"","AA101569","1.0"
"","AA101564","1.0"
"","AA101565","1.0"
"","AA121336","1.0"
"","39103519","2.0"
"","28101118","1.0"
"","AB101067","1.0"
"","AN101104","1.0"
"","13101024","1.0"
"","AA101137","1.0"
"","AA121006","1.0"
"Shop/0274","DG141019","2.0"
"Shop/0273","DU101045","1.0"
"Shop/0272","36JE0014","1.0"
"Shop/0271","DJ201102","1.0"
"Main/0114","AA101013","1.0"
"","AA101162","1.0"
"Main/0113","AA101446","1.0"
"Shop/0270","AZ351207","2.0"
"Main/0112","DU101218","1.0"
"Main/0111","DZ191014","1.0"
"Main/0110","36AN0010","1.0"
"","AN101135","1.0"
"","AN101149","1.0"
"","AA102094","1.0"
"","AN101257","1.0"
"","AN101166","1.0"
"","AN101186","1.0"
"Main/0109","36DS1004","1.0"
"Main/0108","JC101034","1.0"
"Shop/0269","36AA1004","1.0"
"","36AA1003","1.0"
"","AA101328","1.0"
"","24171014","1.0"
"","AA101569","1.0"
"Main/0107","AA101499","1.0"
"Shop/0268","24151097","1.0"
"Shop/0267","DP101107","1.0"
"Main/0106","05101018","1.0"
"","03100338","1.0"
"","06101009","1.0"
"","24101056","1.0"
"","36222256","1.0"
"","36241010","1.0"
"","39213319","1.0"
"","36011001","1.0"
"","35101059","1.0"
"Shop/0266","DS191001","1.0"
"","36DS1004","1.0"
"","DH101016","1.0"
"","DH101033","1.0"
"","DS101072","1.0"
"","36DH4041","1.0"
"","DS101036","1.0"
"","AP201029","1.0"
"Main/0105","36DS1002","1.0"
"","39201719","2.0"
"","36DS1004","1.0"
"","DJ101012","1.0"
"","DH101016","1.0"
"","JN521001","1.0"
"Shop/0265","31151060","1.0"
"Shop/0264","AA101844","1.0"
"Main/0104","24151171","3.0"
"Shop/0263","36314001K","1.0"
"Main/0103","36DZ0002","1.0"
"","31151060","1.0"
"Main/0102","AA191085","1.0"
"Main/0101","AA191085","1.0"
"Shop/0262","36JZ0102","2.0"
"","39201719","4.0"
"","JD521002","1.0"
"","JD511008","1.0"
"","JD511010","1.0"
"","CS101128","1.0"
"Shop/0261","AA231255","1.0"
"Shop/0260","DP161102","1.0"
"Shop/0259","AA101499","1.0"
"","AA101564","1.0"
"","AA101565","1.0"
"","39187019","2.0"
"","39104619","1.0"
"","39171519","1.0"
"","36AA4042","1.0"
"Shop/0258","JB181403","1.0"
"Shop/0257","SVA0022B","1.0"
"Main/0100","30151105","1.0"
"","KPBB6302","1.0"
"Main/0099","AA101009","1.0"
"","AA191077","1.0"
"","AA191073","1.0"
"Shop/0256","JD161200","1.0"
"Main/0098","AA111082","1.0"
"","01100342K","2.0"
"","AA111085","1.0"
"Main/0097","36AN0013","1.0"
"Shop/0255","JA541212","1.0"
"","DS101036","1.0"
"","JA521017","1.0"
"","AN101421","1.0"
"","CS101128","1.0"
"Main/0096","AN101123","1.0"
"Main/0095","AE101016K","1.0"
"Shop/0254","AB171044","1.0"
"Main/0094","DS121137","1.0"
"","36DS1004","1.0"
"","DS101319","1.0"
"","39171519","1.0"
"","39218919","1.0"
"Shop/0253","36281008","1.0"
"Main/0093","JG171802","1.0"
"Shop/0252","36JZ0199","1.0"
"","36JZ0198","1.0"
"","JA541212","1.0"
"Main/0092","AL201017","1.0"
"","BG113803","1.0"
"","AA231255","1.0"
"Main/0091","JA541212","1.0"
"","30101096","4.0"
"","36DD4008","1.0"
"Main/0090","36DS1201","1.0"
"Main/0089","36DS1201","1.0"
"Shop/0251","24151097","1.0"
"","AA101471","1.0"
"","AA101473","1.0"
"","36AA4025K","1.0"
"Main/0088","36311028","1.0"
"","39103519","2.0"
"","31101033","1.0"
"","36311006","1.0"
"","36DD4002","1.0"
"","36DU1001","1.0"
"","DM101140","1.0"
"","DM101139","1.0"
"","36DD4008","1.0"
"Shop/0250","DJ121030","1.0"
"Shop/0249","DB111007","1.0"
"","39135519","1.0"
"Main/0087","24151171","2.0"
"","SVA0017","1.0"
"","AA101210","7.0"
"","AA101472","6.0"
"","AA101364","6.0"
"","AA101077","1.0"
"Main/0086","31101033","1.0"
"Shop/0248","JL511010","2.0"
"Main/0085","52AA4035","1.0"
"admin/0003","01100315","1.0"
"admin/0002","01100615","1.0"
"","01100818","1.0"
"","DU191045","1.0"
"","DS101046","1.0"
"admin/0001","01100315","1.0"
"Main/0084","24171094","2.0"
"","AA221005","1.0"
"","AA221006","1.0"
"Main/0083","AA201185","1.0"
"Shop/0247","BH184000","1.0"
"Shop/0246","AA101598","1.0"
"Main/0082","AA101077","1.0"
"","36281008","1.0"
"","AA101622","1.0"
"","39103519","2.0"
"","28101118","1.0"
"","AA101162","1.0"
"","AA101013","1.0"
"","39100006","4.0"
"Shop/0245","DM101140","1.0"
"","DM101139","1.0"
"","36DU1001","1.0"
"","36DD4002","1.0"
"","39103519","2.0"
"","31101033","1.0"
"","36311006","1.0"
"Main/0081","31151060","1.0"
"Shop/0244","31101067","1.0"
"Main/0080","24151171","2.0"
"Main/0079","36DS1201","1.0"
"Main/0078","36DJ4104","1.0"
"Shop/0243","AN101338","1.0"
"","AN101328","1.0"
"","24171014","2.0"
"","AA191084","1.0"
"","DG141019","2.0"
"","36BA4039","1.0"
"","AA102018","1.0"
"","AA191102","1.0"
"Main/0077","JN141002","1.0"
"Shop/0242","JA511028","1.0"
"Main/0076","AA111085","1.0"
"Main/0075","24141071","1.0"
"Shop/0241","24191092","1.0"
"Main/0074","24121066","1.0"
"Main/0073","AB171044","1.0"
"Main/0072","36JE0014","1.0"
"","36DJ4104","1.0"
"Main/0071","24181043","1.0"
"","36BA4039","1.0"
"Main/0070","36AA4018","1.0"
"","AA111085","1.0"
"","AA111082","1.0"
"Main/0069","DJ191081","1.0"
"Shop/0240","DD121181","1.0"
"Main/0068","36DU4085","1.0"
"Shop/0239","PA151014","1.0"
"Shop/0238","AB171044","1.0"
"Main/0067","30151105","1.0"
"","36DD4008","1.0"
"Shop/0237","36311028","1.0"
"","39103519","2.0"
"","36DD4002","1.0"
"Main/0066","DX191001","1.0"
"Shop/0236","39029615","1.0"
"Shop/0235","39137704","1.0"
"Shop/0234","36AA4033","1.0"
"Shop/0233","AN101421","1.0"
"","AP111023","1.0"
"Shop/0232","AA101593","1.0"
"","AN101186","1.0"
"Main/0065","36JE0005","1.0"
"","JG551447","4.0"
"Shop/0231","JZ161207","1.0"
"Shop/0230","JA351609","1.0"
"","JA351610","1.0"
"Main/0064","DU191006","1.0"
"Shop/0229","DL191013","1.0"
"","DU191003","1.0"
"Shop/0228","AP201026","1.0"
"Shop/0227 REFUND","01100316","-1.0"
"Shop/0226 REFUND","01100316","-1.0"
"Shop/0227","01100316","1.0"
"Shop/0226","01100316","1.0"
"Shop/0225","36241010","1.0"
"","36222256","1.0"
"","05101018","1.0"
"","24101056","1.0"
"","24171024","1.0"
"","36224004","1.0"
"","03100338","1.0"
"","22171007","1.0"
"","06101009","1.0"
"","AB101067","1.0"
"","24100308","1.0"
"","AE101070","1.0"
"Shop/0224","36DJ4005","1.0"
"Shop/0223","06191089","2.0"
"Main/0063","DH101188","1.0"
"Main/0062","AZ351001","1.0"
"","AA131024","1.0"
"","AA101628","1.0"
"","28101110","1.0"
"Shop/0222","AA191094","1.0"
"","AA191093","1.0"
"","AA191084","1.0"
"","24151060","1.0"
"","24151059","1.0"
"","24151058","1.0"
"","24191182","1.0"
"","AA191091","1.0"
"","AA191092","1.0"
"","24151059","1.0"
"","24151059","1.0"
"","AA191068","1.0"
"","AA191073","1.0"
"","AA191077","1.0"
"","AF191007","1.0"
"","24151058","1.0"
"","BA191051","1.0"
"Main/0061","AA191092","1.0"
"Shop/0221","AN101123","2.0"
"","36AN0010","3.0"
"","AA111122","2.0"
"","AA111156","2.0"
"","36AB4015","1.0"
"","36BA4039","3.0"
"","24111128","2.0"
"","AA111091","1.0"
"","AA111107","2.0"
"","24160913","2.0"
"","AA111085","3.0"
"","DD111048","5.0"
"","DH111015","5.0"
"","DK201078","3.0"
"","24130209","6.0"
"","AA101750","6.0"
"","31151060","3.0"
"","30151105","3.0"
"","DH171014","10.0"
"","DD101325","3.0"
"","JN351604","2.0"
"","DU191006","2.0"
"","36011001","3.0"
"","39252820","3.0"
"","39143520","2.0"
"","36DJ4005","2.0"
"","36JN0015","2.0"
"Shop/0220","AA191092","1.0"
"Main/0060","DH101154","1.0"
"","DH102210","1.0"
"","DH102211","1.0"
"","36DH4117","1.0"
"","DJ151071","1.0"
"","DJ181087","2.0"
"Main/0059","DH101154","2.0"
"Shop/0219","JE511038","1.0"
"Shop/0218","JB511018","1.0"
"Main/0058","CL201023","2.0"
"Main/0057","31151060","1.0"
"","30161158","1.0"
"","DZ191004","1.0"
"","52DZ0047","1.0"
"","36DU1001","1.0"
"Shop/0217","CD101082","1.0"
"","36241010","1.0"
"","24101050","1.0"
"","24101056","1.0"
"","06101009","1.0"
"","36011001","1.0"
"","36222256","1.0"
"","05101018","1.0"
"Main/0056","36AA4058","1.0"
"Main/0055","05101018","1.0"
"Shop/0216","DJ191061","1.0"
"Main/0054","36DU1001","1.0"
"","36DD4002","1.0"
"","DM101140","1.0"
"","DM101139","1.0"
"","36311028","1.0"
"","39103519","2.0"
"","31101033","1.0"
"","36311006","1.0"
"","36DD4008","1.0"
"","DU101218","1.0"
"","39240320","1.0"
"Shop/0215","01100342K","2.0"
"Shop/0214","AB171044","1.0"
"Shop/0213","JZ401013","1.0"
"","DS201025","1.0"
"Shop/0212","DD121181","10.0"
"","AA101491","10.0"
"Main/0053","31121029","3.0"
"","DX121010","4.0"
"Shop/0211","36314001K","1.0"
"","31151060","1.0"
"Shop/0210","DK101380","1.0"
"Main/0052","39187019","1.0"
"Shop/0209","AN101127","1.0"
"","03100335","1.0"
"Main/0051","39187019","2.0"
"Main/0050","31151060","1.0"
"Main/0049","BH184000","1.0"
"Shop/0208","24141149","1.0"
"Shop/0207","DG111008","2.0"
"Shop/0206","DH161194","1.0"
"Main/0048","AA101364","6.0"
"Main/0047","36314001K","1.0"
"Main/0046","AA101569","1.0"
"Main/0045","BG113803","1.0"
"","AL201017","1.0"
"Main/0044","JE351005","1.0"
"Main/0043","AA101446","1.0"
"","JD511010","2.0"
"Shop/0205","DH101188","1.0"
"Main/0042","24191092","1.0"
"Shop/0204","DF181092","2.0"
"","DU191003","1.0"
"","DZ191014","1.0"
"Main/0041","DH101864","1.0"
"","DK101565","4.0"
"","DH101050","1.0"
"","DK101569","1.0"
"","36DH4030","1.0"
"","39201719","2.0"
"","DH101520","1.0"
"","39253105","1.0"
"","DH101033","1.0"
"","DH101016","1.0"
"","DH101006","1.0"
"","DH101154","1.0"
"","DJ101064","1.0"
"Shop/0203","36AN0010","1.0"
"","AA191093","1.0"
"","AA191094","1.0"
"","36AA4102","1.0"
"","36AA4025","1.0"
"","AA101472","6.0"
"","AA191102","1.0"
"","AN101135","1.0"
"","AN101149","1.0"
"","AA102094","1.0"
"","AN101186","1.0"
"","AN101166","1.0"
"","AN101257","1.0"
"Shop/0202","JN521001","1.0"
"","DS101251","1.0"
"","DS101036","1.0"
"","36DH4007","1.0"
"","DH101033","1.0"
"","DS101072","1.0"
"Shop/0201","36241010","1.0"
"","24131032","1.0"
"","24101056","1.0"
"","24130105","2.0"
"","22131014","2.0"
"","36222256","1.0"
"","06101009","1.0"
"","22131018","2.0"
"","36011001","1.0"
"","35101059","1.0"
"","24100308","1.0"
"Main/0040","30151105","1.0"
"Shop/0200","DH101154","1.0"
"","DJ101012","1.0"
"","36DH1003","1.0"
"","36DH4007","1.0"
"","DH101050","1.0"
"","DS101096","1.0"
"","39201719","2.0"
"","DK101733","1.0"
"","DH111012","1.0"
"Main/0039","03100338","1.0"
"","36241010","1.0"
"Shop/0199","36AA4042","1.0"
"","36AA1004","1.0"
"","AA101499","1.0"
"","AN101123","1.0"
"","36AN0013","1.0"
"","39103519","2.0"
"","28101118","1.0"
"","AA101210","7.0"
"","AA101472","6.0"
"","AA101207","1.0"
"","AA101569","1.0"
"","AA101565","1.0"
"","AA101564","1.0"
"","AB101067","1.0"
"","AN131023","1.0"
"","AN131039","1.0"
"","AA111093","1.0"
"","39103309","3.0"
"Main/0038","AN101190","1.0"
"Main/0037","36AA4118","1.0"
"Shop/0198","36DZ0002","1.0"
"Shop/0197","JD161201","1.0"
"Main/0036","JD521002","1.0"
"","JZ511016","1.0"
"","JD511010","1.0"
"Shop/0196","36DU1205","1.0"
"Shop/0195","39103519","2.0"
"","36AA4042","1.0"
"","36AA1004","1.0"
"","AA101210","7.0"
"","AA101472","6.0"
"","AA101569","1.0"
"","AA101015","1.0"
"","AA101134","1.0"
"","AB101067","1.0"
"","AA121336","1.0"
"","AA101392","1.0"
"","AA121006","1.0"
"","AA101364","6.0"
"","39132420","1.0"
"","KPBC6004","1.0"
"","03100335","1.0"
"","39252820","1.0"
"","19101018","1.0"
"","28101110","1.0"
"Shop/0194","AA111091","1.0"
"Main/0035","DD101407","1.0"
"Main/0034","DJ181110","1.0"
"Shop/0193","36JA0005","1.0"
"Main/0033","AA191115","1.0"
"Shop/0192","31151060","1.0"
"Main/0032","DH101373","2.0"
"Shop/0191","DU181032","1.0"
"Shop/0190","36DD4006","1.0"
"Shop/0189","AA191094","1.0"
"","AA191093","1.0"
"Shop/0188","JZ511203","1.0"
"","39201719","4.0"
"","CB101114","10.0"
"Shop/0187","39100820","1.0"
"Main/0031","36DS1004","1.0"
"","DH101195","1.0"
"","DH101520","1.0"
"Shop/0186","DH101154","1.0"
"Shop/0185","AA111122","1.0"
"Shop/0184","JN351604","1.0"
"Main/0030","DD121181","5.0"
"","AN101181","1.0"
"","JD511010","3.0"
"Shop/0183","36314001K","1.0"
"Main/0029","DK151085","1.0"
"Shop/0182","DU181031","1.0"
"","CL201023","1.0"
"Shop/0181","JN122000","2.0"
"Main/0028","36DS1004","1.0"
"","36DH4041","1.0"
"","DH101557","3.0"
"","DH101033","1.0"
"","36DS1002","1.0"
"","39201719","2.0"
"","DS101072","1.0"
"","DS101036","1.0"
"","DJ101004","1.0"
"","JN521001","1.0"
"Shop/0180","36AN0010","1.0"
"","AA201185","1.0"
"","AN101149","1.0"
"","AN101135","1.0"
"","AA111153","2.0"
"Shop/0179","AA201041","1.0"
"Main/0027","DD111018","1.0"
"Main/0026","DG141019","2.0"
"Shop/0178","AL201051","1.0"
"","BG113802","1.0"
"Shop/0177","AA111091","1.0"
"Shop/0176","36DU1205","1.0"
"Shop/0175","36JN0007","1.0"
"","JL561409","1.0"
"Main/0025","AE101014","1.0"
"Shop/0174","24151275","1.0"
"Shop/0173","39103519","2.0"
"Shop/0172","AB151074","1.0"
"Main/0024","39240320","1.0"
"","DM101140","1.0"
"","24141184","1.0"
"Shop/0171","30151105","1.0"
"","DU191030","1.0"
"Shop/0170","BA191051","2.0"
"Shop/0169","AA101446KA","1.0"
"Shop/0168","01100315","1.0"
"","01100404","1.0"
"","01100610","1.0"
"","01100714","1.0"
"","01100719","1.0"
