ID,Product/ID,Product/Internal Reference,Counted Quantity
__export__.stock_inventory_line_199350_ef992cc6,__export__.product_product_39260_dffe1f3b,AA131063,35.0
__export__.stock_inventory_line_199414_34a97506,__export__.product_product_46699_7b02b74f,AA201185,24.0
__export__.stock_inventory_line_199808_b4d07c13,__export__.product_product_14874_351faac0,DH101424,114.0
__export__.stock_inventory_line_200022_2d8d2a39,__export__.product_product_15985_c150c13a,DK101569,66.0
__export__.stock_inventory_line_200276_15aaf0de,__export__.product_product_17481_42d456cb,DU201101,85.0
__export__.stock_inventory_line_199350_ef992cc6,__export__.product_product_39260_dffe1f3b,AA131063,35.0
__export__.stock_inventory_line_199414_34a97506,__export__.product_product_46699_7b02b74f,AA201185,24.0
__export__.stock_inventory_line_200276_15aaf0de,__export__.product_product_17481_42d456cb,DU201101,85.0
__export__.stock_inventory_line_199808_b4d07c13,__export__.product_product_14874_351faac0,DH101424,114.0
__export__.stock_inventory_line_200022_2d8d2a39,__export__.product_product_15985_c150c13a,DK101569,66.0
__export__.stock_inventory_line_200206_c32e4746,__export__.product_product_16928_7242b1f9,DS201035,41.0
__export__.stock_inventory_line_209733_2966b7b2,__export__.product_product_17614_8c25533a,DX101046,1.0
__export__.stock_inventory_line_198675_c504368b,__export__.product_product_38470_656a956e,36AA4050,28.0
__export__.stock_inventory_line_198885_a575c4e9,__export__.product_product_38666_4cd4757b,39103519,884.0
__export__.stock_inventory_line_199268_3e6e67b2,__export__.product_product_39036_943f20cf,AA101692,46.0
__export__.stock_inventory_line_199649_b136455c,__export__.product_product_47576_f5c05a99,BF551613,131.0
__export__.stock_inventory_line_199449_03975617,__export__.product_product_46802_c632673c,AB151048,4.0
__export__.stock_inventory_line_198348_509d2dfa,__export__.product_product_37606_3bcc4937,06101009,68.0
__export__.stock_inventory_line_198644_ee7f8cc9,__export__.product_product_38429_e8a114d2,36241010,55.0
__export__.stock_inventory_line_198740_ad2d168c,__export__.product_product_11704_29d95dc6,36DS1002,57.0
__export__.stock_inventory_line_202716_b4d02762,__export__.product_product_11905_b55093b1,36JE0024,5.0
__export__.stock_inventory_line_199178_bd429aec,__export__.product_product_38868_10850e70,AA101033,6.0
__export__.stock_inventory_line_199306_d9102844,__export__.product_product_39154_65c7a6c5,AA111085,55.0
__export__.stock_inventory_line_199379_1d14fa92,__export__.product_product_39339_8589016c,AA171006,30.0
__export__.stock_inventory_line_199532_ef106086,__export__.product_product_47152_40778cfa,AN101149,33.0
__export__.stock_inventory_line_199604_6438d4dd,__export__.product_product_47316_132d0765,AZ351002,5.0
__export__.stock_inventory_line_199821_4a514dfc,__export__.product_product_14931_858b8efc,DH101680,58.0
__export__.stock_inventory_line_199964_d978a8b0,__export__.product_product_15749_c19a10fa,DJ191023,18.0
__export__.stock_inventory_line_200504_7230377c,__export__.product_product_18883_16544477,JD511008,14.0
__export__.stock_inventory_line_200865_3bc78f80,__export__.product_product_32186_251cbe2d,JZ511016,56.0
__export__.stock_inventory_line_198810_3d9bbd21,__export__.product_product_12251_f6e5156c,36JZ0001,65.0
__export__.stock_inventory_line_199334_ac3855bc,__export__.product_product_39217_f65dfb06,AA121150,19.0
__export__.stock_inventory_line_199484_fcac7ef1,__export__.product_product_46891_cbeae897,AE121001,17.0
__export__.stock_inventory_line_199851_87b6ca84,__export__.product_product_15056_33c87146,DH121093,16.0
__export__.stock_inventory_line_199960_e58c373f,__export__.product_product_15726_fa72f721,DJ181115,168.0
__export__.stock_inventory_line_200130_ddd93143,__export__.product_product_16638_8ddb947e,DS101096,101.0
__export__.stock_inventory_line_198664_3e6148d7,__export__.product_product_38454_b76316b6,36AA4020,27.0
__export__.stock_inventory_line_198671_8b2309e2,__export__.product_product_38461_229c483c,36AA4033,31.0
__export__.stock_inventory_line_198676_ce73c9dd,__export__.product_product_38471_b49b6a2b,36AA4055,9.0
__export__.stock_inventory_line_198713_f6aff3f4,__export__.product_product_11513_6b836bb5,36DH4032,8.0
__export__.stock_inventory_line_198724_f814c67d,__export__.product_product_11583_e13fe182,36DJ4008,11.0
__export__.stock_inventory_line_198888_005bd9dc,__export__.product_product_12636_4201873b,39104319,225.0
__export__.stock_inventory_line_198934_24449375,__export__.product_product_12753_805bbacd,39219019,441.0
__export__.stock_inventory_line_199399_0d4b3957,__export__.product_product_39387_8a9eb5aa,AA191091,21.0
__export__.stock_inventory_line_199948_3f77b577,__export__.product_product_15660_43b99dae,DJ161254,6.0
__export__.stock_inventory_line_208132_0ffc79cb,__export__.product_product_15700_05a0d8b0,DJ181041,6.0
__export__.stock_inventory_line_200377_a6a606ba,__export__.product_product_18171_4c121c4a,JA511012,35.0
__export__.stock_inventory_line_200387_2e009328,__export__.product_product_18202_1c7da4be,JA541011,48.0
__export__.stock_inventory_line_200506_9abcfd4f,__export__.product_product_18885_785341a9,JD511201,28.0
__export__.stock_inventory_line_200507_704965c3,__export__.product_product_18886_cdf248f5,JD511202,17.0
__export__.stock_inventory_line_200577_df7f202d,__export__.product_product_19115_1e68b781,JE571007,68.0
__export__.stock_inventory_line_198837_fd60daaf,__export__.product_product_12387_12d74e9e,36PA0042,9.0
__export__.stock_inventory_line_199392_85d25ea7,__export__.product_product_39378_959938c8,AA191071,6.0
__export__.stock_inventory_line_199678_22ef90b8,__export__.product_product_14117_b12ede13,CS101128,158.0
__export__.stock_inventory_line_199683_9a64754d,__export__.product_product_14163_3c07256b,DD101063,15.0
__export__.stock_inventory_line_199826_41ad0285,__export__.product_product_47687_4cece32a,DH101795,38.0
__export__.stock_inventory_line_199829_0f1898ac,__export__.product_product_14955_b2339f87,DH101864,18.0
__export__.stock_inventory_line_200285_c0775633,__export__.product_product_17561_25d7b59e,DV101042,89.0
__export__.stock_inventory_line_210687_91cee012,__export__.product_product_18723_e9fec322,JD131816,2.0
__export__.stock_inventory_line_198691_19f9b20f,__export__.product_product_38522_febe14be,36AN0010,32.0
__export__.stock_inventory_line_199236_f517bdaf,__export__.product_product_38972_d704bdb5,AA101446,24.0
__export__.stock_inventory_line_199334_ac3855bc,__export__.product_product_39217_f65dfb06,AA121150,19.0
__export__.stock_inventory_line_199469_8be63806,__export__.product_product_46852_d24e788e,AB181017,49.0
__export__.stock_inventory_line_199526_39fd1fcf,__export__.product_product_47142_6ac208e3,AN101123,26.0
__export__.stock_inventory_line_199543_541b9ac4,__export__.product_product_47169_058cd2ee,AN101190,32.0
__export__.stock_inventory_line_200779_99d739d7,__export__.product_product_23886_b85651cd,JN521001,50.0
__export__.stock_inventory_line_198324_834cb8e0,__export__.product_product_37517_c00b55cc,01100610,99.0
__export__.stock_inventory_line_198358_1034c25d,__export__.product_product_37641_f3157a6a,13101024,32.0
__export__.stock_inventory_line_198398_f1e6294d,__export__.product_product_37816_87d8f5b8,24101076,12.0
__export__.stock_inventory_line_198895_f90cefcd,__export__.product_product_38685_3347ae00,39128321,73.0
__export__.stock_inventory_line_199291_77a20735,__export__.product_product_39116_54854f3e,AA102094,18.0
__export__.stock_inventory_line_198407_c1fbcbff,__export__.product_product_37831_6c47eae1,24101203,1.0
__export__.stock_inventory_line_201952_1a9a690f,__export__.product_product_11116_0f706494,28101107,100.0
__export__.stock_inventory_line_202153_0b48eeb7,__export__.product_product_38397_da4465b5,31101173,100.0
__export__.stock_inventory_line_211545_a6babbd5,__export__.product_product_22894_ea04ff02,JG601235,3.0
__export__.stock_inventory_line_199649_b136455c,__export__.product_product_47576_f5c05a99,BF551613,131.0
__export__.stock_inventory_line_198596_b43c4a26,__export__.product_product_11302_89b7fcaf,31101033,574.0
__export__.stock_inventory_line_198741_6add7230,__export__.product_product_11706_899b1546,36DS1004,253.0
__export__.stock_inventory_line_198888_005bd9dc,__export__.product_product_12636_4201873b,39104319,225.0
__export__.stock_inventory_line_199414_34a97506,__export__.product_product_46699_7b02b74f,AA201185,24.0
__export__.stock_inventory_line_200206_c32e4746,__export__.product_product_16928_7242b1f9,DS201035,41.0
__export__.stock_inventory_line_200231_349dd8f1,__export__.product_product_17280_50591bc3,DU101185,24.0
__export__.stock_inventory_line_200276_15aaf0de,__export__.product_product_17481_42d456cb,DU201101,85.0
__export__.stock_inventory_line_198813_9926fe88,__export__.product_product_12256_1b8a20bc,36JZ0007,41.0
__export__.stock_inventory_line_198934_24449375,__export__.product_product_12753_805bbacd,39219019,441.0
__export__.stock_inventory_line_199253_369888f9,__export__.product_product_39003_95b0f54e,AA101569,106.0
__export__.stock_inventory_line_199606_5423a9fc,__export__.product_product_47318_8d5c8484,AZ351207,43.0
__export__.stock_inventory_line_200017_e912dfcd,__export__.product_product_15970_7b04d2ae,DK101386,30.0
__export__.stock_inventory_line_199119_2ab647be,__export__.product_product_13746_5e43a518,52PF1156,24.0
__export__.stock_inventory_line_199698_3b93dff5,__export__.product_product_14214_7e3a22e8,DD111018,312.0
__export__.stock_inventory_line_199782_c6c87107,__export__.product_product_14768_5eb4ee7d,DH101050,183.0
__export__.stock_inventory_line_199984_b1c45991,__export__.product_product_15823_326a23ad,DJ201132,6.0
__export__.stock_inventory_line_199986_ee5de27b,__export__.product_product_15835_8ecc8bc5,DJ201176,58.0
__export__.stock_inventory_line_200728_f2b2160e,__export__.product_product_23605_7b2467c0,JL401012,15.0
__export__.stock_inventory_line_198978_53593920,__export__.product_product_12929_f5f4388e,52DH1335,19.0
__export__.stock_inventory_line_198986_cd15bf0b,__export__.product_product_12951_f7b1e79b,52DH1531,23.0
__export__.stock_inventory_line_199008_ff44d238,__export__.product_product_13147_4e371160,52DU0104,35.0
__export__.stock_inventory_line_199761_e87dad1f,__export__.product_product_14583_695d257d,DG111008,218.0
__export__.stock_inventory_line_199846_0f13376b,__export__.product_product_15026_5a4d93da,DH111072,5.0
__export__.stock_inventory_line_200093_41a2edd0,__export__.product_product_16342_58194f41,DM101139,220.0
__export__.stock_inventory_line_200094_d1189d54,__export__.product_product_16343_04f3e8a2,DM101140,227.0
__export__.stock_inventory_line_200120_5a6d548a,__export__.product_product_16613_fd429184,DS101036,666.0
__export__.stock_inventory_line_200130_ddd93143,__export__.product_product_16638_8ddb947e,DS101096,101.0
__export__.stock_inventory_line_200375_3cf4fe5e,__export__.product_product_18166_db60c6c8,JA511006,19.0
__export__.stock_inventory_line_200384_9d5088c9,__export__.product_product_18195_c8f929bf,JA531011,93.0
__export__.stock_inventory_line_200394_38bdaf2e,__export__.product_product_18221_f8c7c29e,JA541212,373.0
__export__.stock_inventory_line_200432_f7a56705,__export__.product_product_18440_abc96635,JB511019,171.0
__export__.stock_inventory_line_200445_fe935ef8,__export__.product_product_18552_ae6fbde5,JC101034,65.0
__export__.stock_inventory_line_200509_9bffb4d2,__export__.product_product_18893_8c595228,JD521002,526.0
__export__.stock_inventory_line_200567_40a51435,__export__.product_product_19049_bdc197d3,JE541051,6.0
__export__.stock_inventory_line_198399_c4327a0b,__export__.product_product_37820_31c82540,24101100,8.0
__export__.stock_inventory_line_198951_3ae13837,__export__.product_product_38800_6693b5b9,52210040,6.0
__export__.stock_inventory_line_199616_49b8a342,__export__.product_product_47429_fcfa490a,BA132172,8.0
__export__.stock_inventory_line_198621_295dcf8c,__export__.product_product_11385_a84e059b,31151060,87.0
__export__.stock_inventory_line_198934_24449375,__export__.product_product_12753_805bbacd,39219019,441.0
__export__.stock_inventory_line_199698_3b93dff5,__export__.product_product_14214_7e3a22e8,DD111018,312.0
__export__.stock_inventory_line_207436_ddc0e126,__export__.product_product_14958_496d2e37,DH101877,35.0
__export__.stock_inventory_line_198394_9654d3e9,__export__.product_product_37808_6772fa1c,24101050,35.0
__export__.stock_inventory_line_198471_eb345914,__export__.product_product_38108_adc8cd62,24151171,88.0
__export__.stock_inventory_line_198565_bf2fcac0,__export__.product_product_11191_74ea9be3,30101096,205.0
__export__.stock_inventory_line_198618_a058d04e,__export__.product_product_11372_72b44663,31151021,107.0
__export__.stock_inventory_line_198638_d55c394a,__export__.product_product_38417_75502bfa,36152203,53.0
__export__.stock_inventory_line_198659_5a7715e8,__export__.product_product_38442_6d3f8198,36AA1003,56.0
__export__.stock_inventory_line_198704_3e630d7f,__export__.product_product_11477_53ef9cbb,36DD4008,114.0
__export__.stock_inventory_line_198725_b8e43506,__export__.product_product_11632_f03fb0a4,36DJ4104,46.0
__export__.stock_inventory_line_199211_4b3d1de8,__export__.product_product_38920_011cfcda,AA101210,633.0
__export__.stock_inventory_line_199240_62080964,__export__.product_product_38983_f7e823a8,AA101472,375.0
__export__.stock_inventory_line_199326_10121fa5,__export__.product_product_39184_addf96fb,AA121006,79.0
__export__.stock_inventory_line_199467_3bbba787,__export__.product_product_46846_92d82d48,AB171044,22.0
__export__.stock_inventory_line_199526_39fd1fcf,__export__.product_product_47142_6ac208e3,AN101123,26.0
__export__.stock_inventory_line_199543_541b9ac4,__export__.product_product_47169_058cd2ee,AN101190,32.0
__export__.stock_inventory_line_199933_f4d8afd5,__export__.product_product_15601_2f33e76c,DJ151071,68.0
__export__.stock_inventory_line_200090_31138057,__export__.product_product_16326_2ba4348d,DL181080,130.0
__export__.stock_inventory_line_200505_0154dd84,__export__.product_product_18884_48a84f25,JD511010,89.0
__export__.stock_inventory_line_199676_bfca9043,__export__.product_product_14110_99307f6f,CL201023,76.0
__export__.stock_inventory_line_199907_6528cd85,__export__.product_product_15461_9fa87c22,DJ101064,144.0
__export__.stock_inventory_line_198808_4c94357b,__export__.product_product_12191_a60fd7a0,36JW0014,44.0
__export__.stock_inventory_line_199008_ff44d238,__export__.product_product_13147_4e371160,52DU0104,35.0
__export__.stock_inventory_line_199123_a4131392,__export__.product_product_13767_ed823f1c,56DJ3X1Y,5.0
__export__.stock_inventory_line_199827_cdc5a512,__export__.product_product_14953_7d8396b7,DH101862,13.0
__export__.stock_inventory_line_207436_ddc0e126,__export__.product_product_14958_496d2e37,DH101877,35.0
__export__.stock_inventory_line_209518_667548ba,__export__.product_product_17354_e1fa0aec,DU151018,5.0
__export__.stock_inventory_line_213219_3f30f653,__export__.product_product_32044_e0875549,JZ181237,2.0
__export__.stock_inventory_line_210964_2fa55114,__export__.product_product_19102_0aa74999,JE551413,3.0
__export__.stock_inventory_line_198618_a058d04e,__export__.product_product_11372_72b44663,31151021,107.0
__export__.stock_inventory_line_198675_c504368b,__export__.product_product_38470_656a956e,36AA4050,28.0
__export__.stock_inventory_line_199024_524f6395,__export__.product_product_13229_294af31e,52JB0231,46.0
__export__.stock_inventory_line_199986_ee5de27b,__export__.product_product_15835_8ecc8bc5,DJ201176,58.0
__export__.stock_inventory_line_200276_15aaf0de,__export__.product_product_17481_42d456cb,DU201101,85.0
__export__.stock_inventory_line_200394_38bdaf2e,__export__.product_product_18221_f8c7c29e,JA541212,373.0
__export__.stock_inventory_line_201500_b68e9126,__export__.product_product_37761_9003b2ee,22170434,120.0
__export__.stock_inventory_line_198399_c4327a0b,__export__.product_product_37820_31c82540,24101100,8.0
__export__.stock_inventory_line_198409_1e88a2a8,__export__.product_product_37840_2ba9ae8f,24101545,29.0
__export__.stock_inventory_line_198528_95c50e05,__export__.product_product_38271_c0f4baaf,24191126,11.0
__export__.stock_inventory_line_198636_9edc3b05,__export__.product_product_38413_362e89e6,36011001,38.0
__export__.stock_inventory_line_203801_3753bb38,__export__.product_product_38827_076231a3,52AA0501,15.0
__export__.stock_inventory_line_202653_2b38cb10,__export__.product_product_11827_f6775ee3,36JA0002,10.0
__export__.stock_inventory_line_198834_a5bb3dc8,__export__.product_product_12380_448513ef,36PA0004,25.0
__export__.stock_inventory_line_199777_741793ee,__export__.product_product_14757_9da29210,DH101016,397.0
__export__.stock_inventory_line_199821_4a514dfc,__export__.product_product_14931_858b8efc,DH101680,58.0
__export__.stock_inventory_line_199851_87b6ca84,__export__.product_product_15056_33c87146,DH121093,16.0
__export__.stock_inventory_line_200309_b87cec08,__export__.product_product_17688_0d758ea2,DZ101075,11.0
__export__.stock_inventory_line_200387_2e009328,__export__.product_product_18202_1c7da4be,JA541011,48.0
__export__.stock_inventory_line_200392_4d9f5614,__export__.product_product_18217_3446076a,JA541205,189.0
__export__.stock_inventory_line_200495_0a499783,__export__.product_product_18819_e29bb597,JD231600,28.0
__export__.stock_inventory_line_200406_3ffbed0d,__export__.product_product_18274_8206c2fc,JA581006,51.0
__export__.stock_inventory_line_200441_3032b2a7,__export__.product_product_18471_c29916a9,JB581005,32.0
__export__.stock_inventory_line_200564_6557807a,__export__.product_product_19031_df340419,JE531001,20.0
__export__.stock_inventory_line_200848_a06beaeb,__export__.product_product_32097_ff44d795,JZ231601,12.0
__export__.stock_inventory_line_205062_480faca5,__export__.product_product_39169_7640e93d,AA111122,15.0
__export__.stock_inventory_line_205089_26a5bbdc,__export__.product_product_39213_8e55fa71,AA121142,10.0
__export__.stock_inventory_line_199954_2101fe49,__export__.product_product_15694_741f0d86,DJ181033,12.0
__export__.stock_inventory_line_199963_0b3efd7b,__export__.product_product_15745_9a47f35e,DJ191015,7.0
__export__.stock_inventory_line_200766_0524a0c0,__export__.product_product_23848_1d67e65b,JN181001,17.0
__export__.stock_inventory_line_198596_b43c4a26,__export__.product_product_11302_89b7fcaf,31101033,574.0
__export__.stock_inventory_line_198885_a575c4e9,__export__.product_product_38666_4cd4757b,39103519,884.0
__export__.stock_inventory_line_198891_f9123043,__export__.product_product_12644_aab814c5,39108019,185.0
__export__.stock_inventory_line_198934_24449375,__export__.product_product_12753_805bbacd,39219019,441.0
__export__.stock_inventory_line_199342_7debe6ec,__export__.product_product_39249_6b5e9159,AA121336,56.0
__export__.stock_inventory_line_199777_741793ee,__export__.product_product_14757_9da29210,DH101016,397.0
__export__.stock_inventory_line_199782_c6c87107,__export__.product_product_14768_5eb4ee7d,DH101050,183.0
__export__.stock_inventory_line_199986_ee5de27b,__export__.product_product_15835_8ecc8bc5,DJ201176,58.0
__export__.stock_inventory_line_200120_5a6d548a,__export__.product_product_16613_fd429184,DS101036,666.0
__export__.stock_inventory_line_200130_ddd93143,__export__.product_product_16638_8ddb947e,DS101096,101.0
__export__.stock_inventory_line_200206_c32e4746,__export__.product_product_16928_7242b1f9,DS201035,41.0
__export__.stock_inventory_line_200276_15aaf0de,__export__.product_product_17481_42d456cb,DU201101,85.0
__export__.stock_inventory_line_200382_8d594295,__export__.product_product_18189_6dbcc5a2,JA521017,1.0
__export__.stock_inventory_line_200432_f7a56705,__export__.product_product_18440_abc96635,JB511019,171.0
__export__.stock_inventory_line_200509_9bffb4d2,__export__.product_product_18893_8c595228,JD521002,526.0
__export__.stock_inventory_line_198334_305630eb,__export__.product_product_37562_f522a1f2,03100338,53.0
__export__.stock_inventory_line_198340_d4a0dc82,__export__.product_product_37584_f5648c75,05101018,39.0
__export__.stock_inventory_line_199188_e3e37797,__export__.product_product_38879_6c70648c,AA101057,11.0
__export__.stock_inventory_line_199306_d9102844,__export__.product_product_39154_65c7a6c5,AA111085,55.0
__export__.stock_inventory_line_199672_0bd8a5d3,__export__.product_product_47671_3639753f,CD101082,29.0
__export__.stock_inventory_line_199698_3b93dff5,__export__.product_product_14214_7e3a22e8,DD111018,312.0
__export__.stock_inventory_line_199699_212afe05,__export__.product_product_14219_5367380d,DD111048,33.0
__export__.stock_inventory_line_199761_e87dad1f,__export__.product_product_14583_695d257d,DG111008,218.0
__export__.stock_inventory_line_200206_c32e4746,__export__.product_product_16928_7242b1f9,DS201035,41.0
__export__.stock_inventory_line_198888_005bd9dc,__export__.product_product_12636_4201873b,39104319,225.0
__export__.stock_inventory_line_198934_24449375,__export__.product_product_12753_805bbacd,39219019,441.0
__export__.stock_inventory_line_199986_ee5de27b,__export__.product_product_15835_8ecc8bc5,DJ201176,58.0
__export__.stock_inventory_line_200130_ddd93143,__export__.product_product_16638_8ddb947e,DS101096,101.0
__export__.stock_inventory_line_200206_c32e4746,__export__.product_product_16928_7242b1f9,DS201035,41.0
__export__.stock_inventory_line_200432_f7a56705,__export__.product_product_18440_abc96635,JB511019,171.0
__export__.stock_inventory_line_200509_9bffb4d2,__export__.product_product_18893_8c595228,JD521002,526.0
__export__.stock_inventory_line_198808_4c94357b,__export__.product_product_12191_a60fd7a0,36JW0014,44.0
__export__.stock_inventory_line_198811_540e82eb,__export__.product_product_12252_aa9afabd,36JZ0002,15.0
__export__.stock_inventory_line_198832_d81393ff,__export__.product_product_12378_d2add5a9,36PA0002,15.0
__export__.stock_inventory_line_198958_0a8b6ffe,__export__.product_product_38830_2d55421a,52AA4035,3.0
__export__.stock_inventory_line_199008_ff44d238,__export__.product_product_13147_4e371160,52DU0104,35.0
__export__.stock_inventory_line_199801_9ccedd3b,__export__.product_product_14844_8bf469c1,DH101344,31.0
__export__.stock_inventory_line_199905_08204593,__export__.product_product_15456_68091ab0,DJ101012,35.0
__export__.stock_inventory_line_199910_0a22fa26,__export__.product_product_15484_254e9189,DJ101216,13.0
__export__.stock_inventory_line_199969_2df87078,__export__.product_product_15766_29e293ac,DJ191055,36.0
__export__.stock_inventory_line_200030_5245e728,__export__.product_product_16022_360e9fc0,DK101755,12.0
__export__.stock_inventory_line_200409_c6f2b8dd,__export__.product_product_18285_931b2c81,JA581221,55.0
__export__.stock_inventory_line_200445_fe935ef8,__export__.product_product_18552_ae6fbde5,JC101034,65.0
__export__.stock_inventory_line_198895_f90cefcd,__export__.product_product_38685_3347ae00,39128321,73.0
__export__.stock_inventory_line_198946_d07d9e7a,__export__.product_product_12836_413bc739,39262921,45.0
__export__.stock_inventory_line_199775_da2914e7,__export__.product_product_14754_0911f799,DH101006,52.0
__export__.stock_inventory_line_200093_41a2edd0,__export__.product_product_16342_58194f41,DM101139,220.0
__export__.stock_inventory_line_200094_d1189d54,__export__.product_product_16343_04f3e8a2,DM101140,227.0
__export__.stock_inventory_line_211851_8b9f2cee,__export__.product_product_23271_8ebc4339,JK402411,2.0
__export__.stock_inventory_line_205127_6cd46f60,__export__.product_product_39269_81cf0d47,AA141018,1.0
__export__.stock_inventory_line_198927_bd612004,__export__.product_product_12732_708a75a8,39201719,132.0
__export__.stock_inventory_line_208135_02a96400,__export__.product_product_15703_664d6bd3,DJ181044,-1.0
__export__.stock_inventory_line_199160_79069021,__export__.product_product_49871_f9763b4f,6203(NACHi),-7.0
__export__.stock_inventory_line_199153_5ae54aa2,__export__.product_product_49865_9ea94de1,6004(NACHi),42.0
__export__.stock_inventory_line_199169_cacfcd52,__export__.product_product_49863_c690339a,6305(NACHi),-26.0
__export__.stock_inventory_line_198322_43ca64fd,__export__.product_product_37515_dbde506e,01100342K,2.0
__export__.stock_inventory_line_199168_d4052804,__export__.product_product_49867_b4945d5f,6304(NACHi),59.0
__export__.stock_inventory_line_200148_21e24433,__export__.product_product_16711_0e210be7,DS101365,-2.0
__export__.stock_inventory_line_199392_85d25ea7,__export__.product_product_39378_959938c8,AA191071,-3.0
__export__.stock_inventory_line_198648_dcbbfc29,__export__.product_product_11456_4154bc3e,36311006,88.0
__export__.stock_inventory_line_198882_a598d6a3,__export__.product_product_12623_509e24cb,39100820,0.0
__export__.stock_inventory_line_200093_41a2edd0,__export__.product_product_16342_58194f41,DM101139,164.0
__export__.stock_inventory_line_198887_762d611b,__export__.product_product_12635_e93d2566,39104219,47.0
__export__.stock_inventory_line_199532_ef106086,__export__.product_product_47152_40778cfa,AN101149,7.0
__export__.stock_inventory_line_199283_494fec98,__export__.product_product_39070_380d1ece,AA101844,0.0
__export__.stock_inventory_line_199517_89f47d83,__export__.product_product_47121_5eb1d4c7,AM191005,13.0
__export__.stock_inventory_line_199543_541b9ac4,__export__.product_product_47169_058cd2ee,AN101190,-2.0
__export__.stock_inventory_line_198387_21c0fe3d,__export__.product_product_37782_686fba5c,22191097,-2.0
__export__.stock_inventory_line_200270_553dff87,__export__.product_product_17459_bbc24de0,DU201008,0.0
__export__.stock_inventory_line_198621_295dcf8c,__export__.product_product_11385_a84e059b,31151060,76.0
__export__.stock_inventory_line_200090_31138057,__export__.product_product_16326_2ba4348d,DL181080,78.0
__export__.stock_inventory_line_199306_d9102844,__export__.product_product_39154_65c7a6c5,AA111085,18.0
__export__.stock_inventory_line_199352_3091bd58,__export__.product_product_39265_b5b83348,AA141004K,29.0
__export__.stock_inventory_line_210447_9f7a7050,__export__.product_product_18445_64be1fef,JB531005,-1.0
__export__.stock_inventory_line_199814_9810b6b1,__export__.product_product_14894_bd7ce436,DH101520,55.0
__export__.stock_inventory_line_200375_3cf4fe5e,__export__.product_product_18166_db60c6c8,JA511006,12.0
__export__.stock_inventory_line_199969_2df87078,__export__.product_product_15766_29e293ac,DJ191055,16.0
__export__.stock_inventory_line_199797_7ae941c2,__export__.product_product_14814_7cbd90b7,DH101195,83.0
__export__.stock_inventory_line_199810_cc2ea5d6,__export__.product_product_14883_85261f02,DH101484,7.0
__export__.stock_inventory_line_199761_e87dad1f,__export__.product_product_14583_695d257d,DG111008,186.0
__export__.stock_inventory_line_198752_1f4746a2,__export__.product_product_11776_45d21b56,36DU1503,35.0
__export__.stock_inventory_line_202614_dcab0664,__export__.product_product_11778_ca5de903,36DU1505,-1.0
__export__.stock_inventory_line_199964_d978a8b0,__export__.product_product_15749_c19a10fa,DJ191023,-3.0
__export__.stock_inventory_line_198725_b8e43506,__export__.product_product_11632_f03fb0a4,36DJ4104,-3.0
__export__.stock_inventory_line_198594_153fa6cb,__export__.product_product_11300_0b324a18,31101021,16.0
__export__.stock_inventory_line_201024_db98e4cd,__export__.product_product_33240_f943c728,PF121076,3.0
__export__.stock_inventory_line_199698_3b93dff5,__export__.product_product_14214_7e3a22e8,DD111018,233.0
__export__.stock_inventory_line_200776_9575dfec,__export__.product_product_23879_2b47923b,JN351604,15.0
__export__.stock_inventory_line_198613_2f8eaf96,__export__.product_product_11351_fc7818c6,31111058,4.0
__export__.stock_inventory_line_198612_7ad4d003,__export__.product_product_11350_86a3f005,31111056,7.0
__export__.stock_inventory_line_198741_6add7230,__export__.product_product_11706_899b1546,36DS1004,244.0
__export__.stock_inventory_line_200120_5a6d548a,__export__.product_product_16613_fd429184,DS101036,634.0
__export__.stock_inventory_line_200127_bbfa4d0f,__export__.product_product_16630_4ea0250e,DS101072,98.0
__export__.stock_inventory_line_199777_741793ee,__export__.product_product_14757_9da29210,DH101016,338.0
__export__.stock_inventory_line_199779_64d5bf15,__export__.product_product_14763_54cd67f3,DH101033,34.0
__export__.stock_inventory_line_199676_bfca9043,__export__.product_product_14110_99307f6f,CL201023,25.0
__export__.stock_inventory_line_199956_10468786,__export__.product_product_15715_5440f108,DJ181087,120.0
__export__.stock_inventory_line_199523_e8113fb0,__export__.product_product_47135_92313374,AN101083,78.0
__export__.stock_inventory_line_200012_5f618404,__export__.product_product_47767_e4c98c5d,DK101277,17.0
__export__.stock_inventory_line_198949_d47b9c7a,__export__.product_product_12852_41097947,39271217,12.0
__export__.stock_inventory_line_200108_47670e6a,__export__.product_product_16487_0c0aa33f,DP101168,0.0
__export__.stock_inventory_line_200865_3bc78f80,__export__.product_product_32186_251cbe2d,JZ511016,37.0
__export__.stock_inventory_line_200509_9bffb4d2,__export__.product_product_18893_8c595228,JD521002,462.0
__export__.stock_inventory_line_200505_0154dd84,__export__.product_product_18884_48a84f25,JD511010,40.0
__export__.stock_inventory_line_200864_4bf2929b,__export__.product_product_32185_76366947,JZ511004,17.0
__export__.stock_inventory_line_200866_75a43d2c,__export__.product_product_32191_7ca29dee,JZ511203,12.0
__export__.stock_inventory_line_198773_9de45f98,__export__.product_product_11892_8a61f1aa,36JE0005,8.0
__export__.stock_inventory_line_200394_38bdaf2e,__export__.product_product_18221_f8c7c29e,JA541212,334.0
__export__.stock_inventory_line_198466_1920b8b9,__export__.product_product_38079_82cb2f52,24151098,18.0
__export__.stock_inventory_line_199300_b255a018,__export__.product_product_39140_0df98ef0,AA111058,23.0
__export__.stock_inventory_line_198751_c1fbe06e,__export__.product_product_11773_dc7dfd0d,36DU1205,68.0
__export__.stock_inventory_line_198906_caba002a,__export__.product_product_38735_aae7f1e9,39171519,231.0
__export__.stock_inventory_line_200795_bc08645a,__export__.product_product_24185_00de8444,JW131809,14.0
__export__.stock_inventory_line_199933_f4d8afd5,__export__.product_product_15601_2f33e76c,DJ151071,19.0
__export__.stock_inventory_line_199605_9c4d622e,__export__.product_product_49940_003baea7,AZ351002(YL),2.0
__export__.stock_inventory_line_199722_04a7a2a6,__export__.product_product_14348_0d9b3745,DD191141,8.0
__export__.stock_inventory_line_199968_8ab80d11,__export__.product_product_15765_d2da3119,DJ191054,0.0
__export__.stock_inventory_line_199240_62080964,__export__.product_product_38983_f7e823a8,AA101472,81.0
__export__.stock_inventory_line_198666_40b6a95d,__export__.product_product_38456_85771566,36AA4025,18.0
__export__.stock_inventory_line_198740_ad2d168c,__export__.product_product_11704_29d95dc6,36DS1002,38.0
__export__.stock_inventory_line_201008_b81f146f,__export__.product_product_33166_a85d3099,PD531029,13.0
__export__.stock_inventory_line_199801_9ccedd3b,__export__.product_product_14844_8bf469c1,DH101344,17.0
__export__.stock_inventory_line_200138_e11c1671,__export__.product_product_16690_9cb03956,DS101277,2.0
__export__.stock_inventory_line_199775_da2914e7,__export__.product_product_14754_0911f799,DH101006,23.0
__export__.stock_inventory_line_198673_2ba24b7d,__export__.product_product_38465_b0e8d713,36AA4042,23.0
__export__.stock_inventory_line_199197_2e561e81,__export__.product_product_38891_4ea2de3c,AA101116,148.0
__export__.stock_inventory_line_198692_76347481,__export__.product_product_38527_7cb45b66,36AN0013,32.0
__export__.stock_inventory_line_198885_a575c4e9,__export__.product_product_38666_4cd4757b,39103519,761.0
__export__.stock_inventory_line_199526_39fd1fcf,__export__.product_product_47142_6ac208e3,AN101123,5.0
__export__.stock_inventory_line_198558_4f7b82a6,__export__.product_product_38367_771f9025,28101118,69.0
__export__.stock_inventory_line_199993_9b0e0595,__export__.product_product_15867_6e3ddc1a,DJ221003,0.0
__export__.stock_inventory_line_199254_434fc149,__export__.product_product_39004_1fd16a80,AA101570,-3.0
__export__.stock_inventory_line_199512_77165be5,__export__.product_product_47080_cd8419be,AL201051,0.0
__export__.stock_inventory_line_198686_d06cf4fe,__export__.product_product_38501_c244c379,36AB4015,-3.0
__export__.stock_inventory_line_198721_c0a3b91d,__export__.product_product_11577_4a1c5231,36DJ1004,0.0
__export__.stock_inventory_line_198742_8543f053,__export__.product_product_11708_54d75bd3,36DS1201,33.0
__export__.stock_inventory_line_199432_12ea48e1,__export__.product_product_46759_1193c833,AA231026,0.0
__export__.stock_inventory_line_199910_0a22fa26,__export__.product_product_15484_254e9189,DJ101216,-1.0
__export__.stock_inventory_line_199912_209fadfb,__export__.product_product_15504_5c371821,DJ101371,4.0
__export__.stock_inventory_line_199182_46efd7f2,__export__.product_product_38872_fa88bd0b,AA101050,0.0
__export__.stock_inventory_line_199181_89b1ac1a,__export__.product_product_38871_828e99dd,AA101048,0.0
__export__.stock_inventory_line_198747_bd7fb41b,__export__.product_product_11767_a60cf2c7,36DU1001,59.0
__export__.stock_inventory_line_200238_35fa49db,__export__.product_product_17291_dc76456a,DU101218,40.0
__export__.stock_inventory_line_198596_b43c4a26,__export__.product_product_11302_89b7fcaf,31101033,543.0
__export__.stock_inventory_line_198813_9926fe88,__export__.product_product_12256_1b8a20bc,36JZ0007,36.0
__export__.stock_inventory_line_199851_87b6ca84,__export__.product_product_15056_33c87146,DH121093,3.0
__export__.stock_inventory_line_199236_f517bdaf,__export__.product_product_38972_d704bdb5,AA101446,-3.0
__export__.stock_inventory_line_199194_dfd65efc,__export__.product_product_38888_7cc08691,AA101077,19.0
__export__.stock_inventory_line_200318_8381ddaf,__export__.product_product_17738_6d9947a5,DZ181004,4.0
__export__.stock_inventory_line_199721_879bda3b,__export__.product_product_14345_074d6cf0,DD191132,6.0
__export__.stock_inventory_line_200624_0c285c1f,__export__.product_product_22903_a5e4b137,JG621413,2.0
__export__.stock_inventory_line_198656_95bf2d78,__export__.product_product_11464_669bfc40,36314001K,26.0
__export__.stock_inventory_line_198921_05b3bef9,__export__.product_product_38764_0e987b3c,39191719,83.0
__export__.stock_inventory_line_199620_d157c142,__export__.product_product_47466_ee652302,BA191050,3.0
__export__.stock_inventory_line_198471_eb345914,__export__.product_product_38108_adc8cd62,24151171,36.0
__export__.stock_inventory_line_199493_6b5c33fb,__export__.product_product_46945_771bc730,AF191007,-2.0
__export__.stock_inventory_line_198918_36568b48,__export__.product_product_38759_9f997f76,39187019,46.0
__export__.stock_inventory_line_200445_fe935ef8,__export__.product_product_18552_ae6fbde5,JC101034,46.0
__export__.stock_inventory_line_198940_de697a4a,__export__.product_product_12787_61902238,39240320,17.0
__export__.stock_inventory_line_198735_b73db5a6,__export__.product_product_11654_f7247dc2,36DK0036,8.0
__export__.stock_inventory_line_200051_d615cc6f,__export__.product_product_16120_432a826f,DK151094,11.0
__export__.stock_inventory_line_200791_d765144f,__export__.product_product_24157_f660d768,JV511012,19.0
__export__.stock_inventory_line_198857_e038d636,__export__.product_product_12523_fd59ddc3,36PF0048,2.0
__export__.stock_inventory_line_203256_fbac7a9a,__export__.product_product_12520_b39e55dc,36PF0045,-1.0
__export__.stock_inventory_line_199649_b136455c,__export__.product_product_47576_f5c05a99,BF551613,-6.0
__export__.stock_inventory_line_198579_dc674bb9,__export__.product_product_11238_926c2a15,30151105,81.0
__export__.stock_inventory_line_198811_540e82eb,__export__.product_product_12252_aa9afabd,36JZ0002,8.0
__export__.stock_inventory_line_198512_92543853,__export__.product_product_38220_9b3d1fdc,24171198,8.0
__export__.stock_inventory_line_199821_4a514dfc,__export__.product_product_14931_858b8efc,DH101680,7.0
__export__.stock_inventory_line_199481_814de522,__export__.product_product_46884_2efac440,AE101016K,31.0
__export__.stock_inventory_line_198483_eff19c8a,__export__.product_product_38143_6c7defdf,24160913,-4.0
__export__.stock_inventory_line_198598_a9483dc1,__export__.product_product_11306_cfe8cc44,31101041,55.0
__export__.stock_inventory_line_200094_d1189d54,__export__.product_product_16343_04f3e8a2,DM101140,171.0
__export__.stock_inventory_line_200321_d13e6231,__export__.product_product_17752_f2c5b76e,DZ191014,9.0
__export__.stock_inventory_line_198447_6d9c3d15,__export__.product_product_38008_6c94e8ea,24131032,5.0
__export__.stock_inventory_line_208466_79ee3dc3,__export__.product_product_16122_c38804e7,DK151096,-1.0
__export__.stock_inventory_line_199974_c716c3cb,__export__.product_product_15778_319c342d,DJ191083,3.0
__export__.stock_inventory_line_198647_b6dfc292,__export__.product_product_38440_8b28e8e0,36281008,30.0
__export__.stock_inventory_line_207436_ddc0e126,__export__.product_product_14958_496d2e37,DH101877,-1.0
__export__.stock_inventory_line_198638_d55c394a,__export__.product_product_38417_75502bfa,36152203,-2.0
__export__.stock_inventory_line_199245_e77170fa,__export__.product_product_38989_1805047e,AA101481,43.0
__export__.stock_inventory_line_199484_fcac7ef1,__export__.product_product_46891_cbeae897,AE121001,-8.0
__export__.stock_inventory_line_199263_5e76de19,__export__.product_product_39021_c42eb979,AA101622,55.0
__export__.stock_inventory_line_199319_af4f7cd9,__export__.product_product_39176_ca376fb3,AA111153,-7.0
__export__.stock_inventory_line_201500_b68e9126,__export__.product_product_37761_9003b2ee,22170434,-40.0
__export__.stock_inventory_line_198423_5fb1905b,__export__.product_product_37885_c551cb1a,24121066,11.0
__export__.stock_inventory_line_199576_4b15bc34,__export__.product_product_47234_51796135,AN131022,-4.0
__export__.stock_inventory_line_199845_12344b62,__export__.product_product_15020_1a12903d,DH111034,10.0
__export__.stock_inventory_line_199379_1d14fa92,__export__.product_product_39339_8589016c,AA171006,9.0