Name,PartNumber,Quantity,Price
YL Front Hub 2S,24171136(YL),1,4335.00
YL Headset 45 205,36A44116(YL),4,13050
YL Headset 45 175,36A44117(YL),2,13550.00
YL Clutch Nut 3W 45,39193815(YL),20,75.00
YL Pipe Oil Cooler,AA101624(YL),2,2250.00
YL Housing Magento RE,AA101735(YL),2,15150.00
YL Air Filter Cover RE,AA101952(YL),5,798.00
YL Fan Cover With Heat Shield CO,AA101970(YL),2,770.00
YL Reverse Switch,AA111031(YL),8,284.00
YL Cable Inner Speedometer,AA191080(YL),15,265.00
YL Internal Cowling 45,AN101203(YL),2,307.00
YL Oil Cooler FL,AN121205(YL),2,5560.00
YL Housing Complete Clutch,DX101054(YL),2,4410.00
Rai Wheel Rim 3W 45 N/M,RJ0103(RAI),24,2245.00
Endurance Brake Cyl. Assy 2S Front,RJ0404(ENDURANCE),10,1280.00
Ngg Wiper Hybrid,SH0141(NGG),6,455.00
