External ID                       ,Parent Category,Name    ,Display Name        ,Complete Name       
point_of_sale.00001,All / Saleable / PoS,OilSeal,All / Saleable / PoS / OilSeal,All / Saleable / PoS / OilSeal
point_of_sale.00002,All / Saleable / PoS,2T,All / Saleable / PoS / 2T,All / Saleable / PoS / 2T
point_of_sale.00003,All / Saleable / PoS,4T,All / Saleable / PoS / 4T,All / Saleable / PoS / 4T
point_of_sale.00004,All / Saleable / PoS,A/C,All / Saleable / PoS / A/C,All / Saleable / PoS / A/C
point_of_sale.00005,All / Saleable / PoS,Actuator,All / Saleable / PoS / Actuator,All / Saleable / PoS / Actuator
point_of_sale.00006,All / Saleable / PoS,Adaptor,All / Saleable / PoS / Adaptor,All / Saleable / PoS / Adaptor
point_of_sale.00007,All / Saleable / PoS,Adjester,All / Saleable / PoS / Adjester,All / Saleable / PoS / Adjester
point_of_sale.00008,All / Saleable / PoS,AirBag,All / Saleable / PoS / AirBag,All / Saleable / PoS / AirBag
point_of_sale.00009,All / Saleable / PoS,AirFilter,All / Saleable / PoS / AirFilter,All / Saleable / PoS / AirFilter
point_of_sale.00010,All / Saleable / PoS,Alternator,All / Saleable / PoS / Alternator,All / Saleable / PoS / Alternator
point_of_sale.00011,All / Saleable / PoS,Antana,All / Saleable / PoS / Antana,All / Saleable / PoS / Antana
point_of_sale.00012,All / Saleable / PoS,Antinqueak,All / Saleable / PoS / Antinqueak,All / Saleable / PoS / Antinqueak
point_of_sale.00013,All / Saleable / PoS,Appron,All / Saleable / PoS / Appron,All / Saleable / PoS / Appron
point_of_sale.00014,All / Saleable / PoS,Arm,All / Saleable / PoS / Arm,All / Saleable / PoS / Arm
point_of_sale.00015,All / Saleable / PoS,Armature,All / Saleable / PoS / Armature,All / Saleable / PoS / Armature
point_of_sale.00016,All / Saleable / PoS,Attachement,All / Saleable / PoS / Attachement,All / Saleable / PoS / Attachement
point_of_sale.00017,All / Saleable / PoS,Axle,All / Saleable / PoS / Axle,All / Saleable / PoS / Axle
point_of_sale.00018,All / Saleable / PoS,BackRest,All / Saleable / PoS / BackRest,All / Saleable / PoS / BackRest
point_of_sale.00019,All / Saleable / PoS,Badge,All / Saleable / PoS / Badge,All / Saleable / PoS / Badge
point_of_sale.00020,All / Saleable / PoS,BagSimulator,All / Saleable / PoS / BagSimulator,All / Saleable / PoS / BagSimulator
point_of_sale.00021,All / Saleable / PoS,Balancer,All / Saleable / PoS / Balancer,All / Saleable / PoS / Balancer
point_of_sale.00022,All / Saleable / PoS,BallJoint,All / Saleable / PoS / BallJoint,All / Saleable / PoS / BallJoint
point_of_sale.00023,All / Saleable / PoS,Band,All / Saleable / PoS / Band,All / Saleable / PoS / Band
point_of_sale.00024,All / Saleable / PoS,BarExtension,All / Saleable / PoS / BarExtension,All / Saleable / PoS / BarExtension
point_of_sale.00025,All / Saleable / PoS,Basket,All / Saleable / PoS / Basket,All / Saleable / PoS / Basket
point_of_sale.00026,All / Saleable / PoS,Battery,All / Saleable / PoS / Battery,All / Saleable / PoS / Battery
point_of_sale.00027,All / Saleable / PoS,Beading,All / Saleable / PoS / Beading,All / Saleable / PoS / Beading
point_of_sale.00028,All / Saleable / PoS,Bearing,All / Saleable / PoS / Bearing,All / Saleable / PoS / Bearing
point_of_sale.00029,All / Saleable / PoS,Bellow,All / Saleable / PoS / Bellow,All / Saleable / PoS / Bellow
point_of_sale.00030,All / Saleable / PoS,Belt,All / Saleable / PoS / Belt,All / Saleable / PoS / Belt
point_of_sale.00031,All / Saleable / PoS,Blower,All / Saleable / PoS / Blower,All / Saleable / PoS / Blower
point_of_sale.00032,All / Saleable / PoS,BlowerUnit,All / Saleable / PoS / BlowerUnit,All / Saleable / PoS / BlowerUnit
point_of_sale.00033,All / Saleable / PoS,BoardSeal,All / Saleable / PoS / BoardSeal,All / Saleable / PoS / BoardSeal
point_of_sale.00034,All / Saleable / PoS,Bolt,All / Saleable / PoS / Bolt,All / Saleable / PoS / Bolt
point_of_sale.00035,All / Saleable / PoS,Bonnet,All / Saleable / PoS / Bonnet,All / Saleable / PoS / Bonnet
point_of_sale.00036,All / Saleable / PoS,Booster,All / Saleable / PoS / Booster,All / Saleable / PoS / Booster
point_of_sale.00037,All / Saleable / PoS,Boot,All / Saleable / PoS / Boot,All / Saleable / PoS / Boot
point_of_sale.00038,All / Saleable / PoS,Boss-St.Wheel,All / Saleable / PoS / Boss-St.Wheel,All / Saleable / PoS / Boss-St.Wheel
point_of_sale.00039,All / Saleable / PoS,Box,All / Saleable / PoS / Box,All / Saleable / PoS / Box
point_of_sale.00040,All / Saleable / PoS,Bracket,All / Saleable / PoS / Bracket,All / Saleable / PoS / Bracket
point_of_sale.00041,All / Saleable / PoS,Brake,All / Saleable / PoS / Brake,All / Saleable / PoS / Brake
point_of_sale.00042,All / Saleable / PoS,BrakeFluid,All / Saleable / PoS / BrakeFluid,All / Saleable / PoS / BrakeFluid
point_of_sale.00043,All / Saleable / PoS,Breaker,All / Saleable / PoS / Breaker,All / Saleable / PoS / Breaker
point_of_sale.00044,All / Saleable / PoS,Brush,All / Saleable / PoS / Brush,All / Saleable / PoS / Brush
point_of_sale.00045,All / Saleable / PoS,BufferShield,All / Saleable / PoS / BufferShield,All / Saleable / PoS / BufferShield
point_of_sale.00046,All / Saleable / PoS,Bulb,All / Saleable / PoS / Bulb,All / Saleable / PoS / Bulb
point_of_sale.00047,All / Saleable / PoS,Bumper,All / Saleable / PoS / Bumper,All / Saleable / PoS / Bumper
point_of_sale.00048,All / Saleable / PoS,Bush,All / Saleable / PoS / Bush,All / Saleable / PoS / Bush
point_of_sale.00049,All / Saleable / PoS,BushKit,All / Saleable / PoS / BushKit,All / Saleable / PoS / BushKit
point_of_sale.00050,All / Saleable / PoS,BushStrg,All / Saleable / PoS / BushStrg,All / Saleable / PoS / BushStrg
point_of_sale.00051,All / Saleable / PoS,Bushing,All / Saleable / PoS / Bushing,All / Saleable / PoS / Bushing
point_of_sale.00052,All / Saleable / PoS,ByPass,All / Saleable / PoS / ByPass,All / Saleable / PoS / ByPass
point_of_sale.00053,All / Saleable / PoS,C.Glow,All / Saleable / PoS / C.Glow,All / Saleable / PoS / C.Glow
point_of_sale.00054,All / Saleable / PoS,Cable,All / Saleable / PoS / Cable,All / Saleable / PoS / Cable
point_of_sale.00055,All / Saleable / PoS,Cam,All / Saleable / PoS / Cam,All / Saleable / PoS / Cam
point_of_sale.00056,All / Saleable / PoS,CamShaft,All / Saleable / PoS / CamShaft,All / Saleable / PoS / CamShaft
point_of_sale.00057,All / Saleable / PoS,CamshaftSeal,All / Saleable / PoS / CamshaftSeal,All / Saleable / PoS / CamshaftSeal
point_of_sale.00058,All / Saleable / PoS,Canister,All / Saleable / PoS / Canister,All / Saleable / PoS / Canister
point_of_sale.00059,All / Saleable / PoS,Cap,All / Saleable / PoS / Cap,All / Saleable / PoS / Cap
point_of_sale.00060,All / Saleable / PoS,Carburettor,All / Saleable / PoS / Carburettor,All / Saleable / PoS / Carburettor
point_of_sale.00061,All / Saleable / PoS,Carpet,All / Saleable / PoS / Carpet,All / Saleable / PoS / Carpet
point_of_sale.00062,All / Saleable / PoS,Case,All / Saleable / PoS / Case,All / Saleable / PoS / Case
point_of_sale.00063,All / Saleable / PoS,Cataloge,All / Saleable / PoS / Cataloge,All / Saleable / PoS / Cataloge
point_of_sale.00064,All / Saleable / PoS,Catalyst3-Way,All / Saleable / PoS / Catalyst3-Way,All / Saleable / PoS / Catalyst3-Way
point_of_sale.00065,All / Saleable / PoS,CeilingTrim,All / Saleable / PoS / CeilingTrim,All / Saleable / PoS / CeilingTrim
point_of_sale.00066,All / Saleable / PoS,CentreCap,All / Saleable / PoS / CentreCap,All / Saleable / PoS / CentreCap
point_of_sale.00067,All / Saleable / PoS,Chain,All / Saleable / PoS / Chain,All / Saleable / PoS / Chain
point_of_sale.00068,All / Saleable / PoS,"Chamber,Extractor","All / Saleable / PoS / Chamber,Extractor","All / Saleable / PoS / Chamber,Extractor"
point_of_sale.00069,All / Saleable / PoS,"Chamber,Resonance","All / Saleable / PoS / Chamber,Resonance","All / Saleable / PoS / Chamber,Resonance"
point_of_sale.00070,All / Saleable / PoS,ChannelGlass,All / Saleable / PoS / ChannelGlass,All / Saleable / PoS / ChannelGlass
point_of_sale.00071,All / Saleable / PoS,Channeling,All / Saleable / PoS / Channeling,All / Saleable / PoS / Channeling
point_of_sale.00072,All / Saleable / PoS,Chassis,All / Saleable / PoS / Chassis,All / Saleable / PoS / Chassis
point_of_sale.00073,All / Saleable / PoS,Circlip,All / Saleable / PoS / Circlip,All / Saleable / PoS / Circlip
point_of_sale.00074,All / Saleable / PoS,Circuit,All / Saleable / PoS / Circuit,All / Saleable / PoS / Circuit
point_of_sale.00075,All / Saleable / PoS,CircuitBreaker,All / Saleable / PoS / CircuitBreaker,All / Saleable / PoS / CircuitBreaker
point_of_sale.00076,All / Saleable / PoS,Clamp,All / Saleable / PoS / Clamp,All / Saleable / PoS / Clamp
point_of_sale.00077,All / Saleable / PoS,Clip,All / Saleable / PoS / Clip,All / Saleable / PoS / Clip
point_of_sale.00078,All / Saleable / PoS,Clock,All / Saleable / PoS / Clock,All / Saleable / PoS / Clock
point_of_sale.00079,All / Saleable / PoS,Clutch,All / Saleable / PoS / Clutch,All / Saleable / PoS / Clutch
point_of_sale.00080,All / Saleable / PoS,Coat,All / Saleable / PoS / Coat,All / Saleable / PoS / Coat
point_of_sale.00081,All / Saleable / PoS,CockAssembly,All / Saleable / PoS / CockAssembly,All / Saleable / PoS / CockAssembly
point_of_sale.00082,All / Saleable / PoS,"Cock,Drain","All / Saleable / PoS / Cock,Drain","All / Saleable / PoS / Cock,Drain"
point_of_sale.00083,All / Saleable / PoS,Collar,All / Saleable / PoS / Collar,All / Saleable / PoS / Collar
point_of_sale.00084,All / Saleable / PoS,Compression,All / Saleable / PoS / Compression,All / Saleable / PoS / Compression
point_of_sale.00085,All / Saleable / PoS,Compressor,All / Saleable / PoS / Compressor,All / Saleable / PoS / Compressor
point_of_sale.00086,All / Saleable / PoS,Condenser,All / Saleable / PoS / Condenser,All / Saleable / PoS / Condenser
point_of_sale.00087,All / Saleable / PoS,Connector,All / Saleable / PoS / Connector,All / Saleable / PoS / Connector
point_of_sale.00088,All / Saleable / PoS,Control,All / Saleable / PoS / Control,All / Saleable / PoS / Control
point_of_sale.00089,All / Saleable / PoS,Controller,All / Saleable / PoS / Controller,All / Saleable / PoS / Controller
point_of_sale.00090,All / Saleable / PoS,Convertor,All / Saleable / PoS / Convertor,All / Saleable / PoS / Convertor
point_of_sale.00091,All / Saleable / PoS,Coolant,All / Saleable / PoS / Coolant,All / Saleable / PoS / Coolant
point_of_sale.00092,All / Saleable / PoS,Cooler,All / Saleable / PoS / Cooler,All / Saleable / PoS / Cooler
point_of_sale.00093,All / Saleable / PoS,"Cord,Glow","All / Saleable / PoS / Cord,Glow","All / Saleable / PoS / Cord,Glow"
point_of_sale.00094,All / Saleable / PoS,Coupling,All / Saleable / PoS / Coupling,All / Saleable / PoS / Coupling
point_of_sale.00095,All / Saleable / PoS,Cover,All / Saleable / PoS / Cover,All / Saleable / PoS / Cover
point_of_sale.00096,All / Saleable / PoS,Cowling,All / Saleable / PoS / Cowling,All / Saleable / PoS / Cowling
point_of_sale.00097,All / Saleable / PoS,CowlingH.L,All / Saleable / PoS / CowlingH.L,All / Saleable / PoS / CowlingH.L
point_of_sale.00098,All / Saleable / PoS,CrankShaft,All / Saleable / PoS / CrankShaft,All / Saleable / PoS / CrankShaft
point_of_sale.00099,All / Saleable / PoS,CrankCase,All / Saleable / PoS / CrankCase,All / Saleable / PoS / CrankCase
point_of_sale.00100,All / Saleable / PoS,CrashGuard,All / Saleable / PoS / CrashGuard,All / Saleable / PoS / CrashGuard
point_of_sale.00101,All / Saleable / PoS,Cross,All / Saleable / PoS / Cross,All / Saleable / PoS / Cross
point_of_sale.00102,All / Saleable / PoS,CrossMember,All / Saleable / PoS / CrossMember,All / Saleable / PoS / CrossMember
point_of_sale.00103,All / Saleable / PoS,Cup,All / Saleable / PoS / Cup,All / Saleable / PoS / Cup
point_of_sale.00104,All / Saleable / PoS,CupSet,All / Saleable / PoS / CupSet,All / Saleable / PoS / CupSet
point_of_sale.00105,All / Saleable / PoS,Cupling,All / Saleable / PoS / Cupling,All / Saleable / PoS / Cupling
point_of_sale.00106,All / Saleable / PoS,Curion,All / Saleable / PoS / Curion,All / Saleable / PoS / Curion
point_of_sale.00107,All / Saleable / PoS,Cushion,All / Saleable / PoS / Cushion,All / Saleable / PoS / Cushion
point_of_sale.00108,All / Saleable / PoS,CutS,All / Saleable / PoS / CutS,All / Saleable / PoS / CutS
point_of_sale.00109,All / Saleable / PoS,Cylinder,All / Saleable / PoS / Cylinder,All / Saleable / PoS / Cylinder
point_of_sale.00110,All / Saleable / PoS,Dam,All / Saleable / PoS / Dam,All / Saleable / PoS / Dam
point_of_sale.00111,All / Saleable / PoS,Damper,All / Saleable / PoS / Damper,All / Saleable / PoS / Damper
point_of_sale.00112,All / Saleable / PoS,DashPotThrottleLinkage,All / Saleable / PoS / DashPotThrottleLinkage,All / Saleable / PoS / DashPotThrottleLinkage
point_of_sale.00113,All / Saleable / PoS,Decal,All / Saleable / PoS / Decal,All / Saleable / PoS / Decal
point_of_sale.00114,All / Saleable / PoS,Decklid,All / Saleable / PoS / Decklid,All / Saleable / PoS / Decklid
point_of_sale.00115,All / Saleable / PoS,Diaphragm,All / Saleable / PoS / Diaphragm,All / Saleable / PoS / Diaphragm
point_of_sale.00116,All / Saleable / PoS,DieselFilter,All / Saleable / PoS / DieselFilter,All / Saleable / PoS / DieselFilter
point_of_sale.00117,All / Saleable / PoS,Differential,All / Saleable / PoS / Differential,All / Saleable / PoS / Differential
point_of_sale.00118,All / Saleable / PoS,Diode,All / Saleable / PoS / Diode,All / Saleable / PoS / Diode
point_of_sale.00119,All / Saleable / PoS,DipStick,All / Saleable / PoS / DipStick,All / Saleable / PoS / DipStick
point_of_sale.00120,All / Saleable / PoS,DistancePiece,All / Saleable / PoS / DistancePiece,All / Saleable / PoS / DistancePiece
point_of_sale.00121,All / Saleable / PoS,Distributor,All / Saleable / PoS / Distributor,All / Saleable / PoS / Distributor
point_of_sale.00122,All / Saleable / PoS,DistributorFuel,All / Saleable / PoS / DistributorFuel,All / Saleable / PoS / DistributorFuel
point_of_sale.00123,All / Saleable / PoS,Door,All / Saleable / PoS / Door,All / Saleable / PoS / Door
point_of_sale.00124,All / Saleable / PoS,DrainPlug,All / Saleable / PoS / DrainPlug,All / Saleable / PoS / DrainPlug
point_of_sale.00125,All / Saleable / PoS,Duct,All / Saleable / PoS / Duct,All / Saleable / PoS / Duct
point_of_sale.00126,All / Saleable / PoS,DumRearWind,All / Saleable / PoS / DumRearWind,All / Saleable / PoS / DumRearWind
point_of_sale.00127,All / Saleable / PoS,Electricle,All / Saleable / PoS / Electricle,All / Saleable / PoS / Electricle
point_of_sale.00128,All / Saleable / PoS,Engine,All / Saleable / PoS / Engine,All / Saleable / PoS / Engine
point_of_sale.00129,All / Saleable / PoS,EngineMasterTempSender,All / Saleable / PoS / EngineMasterTempSender,All / Saleable / PoS / EngineMasterTempSender
point_of_sale.00130,All / Saleable / PoS,EngineSupport,All / Saleable / PoS / EngineSupport,All / Saleable / PoS / EngineSupport
point_of_sale.00131,All / Saleable / PoS,Evaporator,All / Saleable / PoS / Evaporator,All / Saleable / PoS / Evaporator
point_of_sale.00132,All / Saleable / PoS,Extension,All / Saleable / PoS / Extension,All / Saleable / PoS / Extension
point_of_sale.00133,All / Saleable / PoS,Fan,All / Saleable / PoS / Fan,All / Saleable / PoS / Fan
point_of_sale.00134,All / Saleable / PoS,FanBelt,All / Saleable / PoS / FanBelt,All / Saleable / PoS / FanBelt
point_of_sale.00135,All / Saleable / PoS,Fastner,All / Saleable / PoS / Fastner,All / Saleable / PoS / Fastner
point_of_sale.00136,All / Saleable / PoS,FastnerBonnetRele.,All / Saleable / PoS / FastnerBonnetRele.,All / Saleable / PoS / FastnerBonnetRele.
point_of_sale.00137,All / Saleable / PoS,FastnerPillerGarnish,All / Saleable / PoS / FastnerPillerGarnish,All / Saleable / PoS / FastnerPillerGarnish
point_of_sale.00138,All / Saleable / PoS,Felt,All / Saleable / PoS / Felt,All / Saleable / PoS / Felt
point_of_sale.00139,All / Saleable / PoS,Fender,All / Saleable / PoS / Fender,All / Saleable / PoS / Fender
point_of_sale.00140,All / Saleable / PoS,Film32,All / Saleable / PoS / Film32,All / Saleable / PoS / Film32
point_of_sale.00141,All / Saleable / PoS,Filter,All / Saleable / PoS / Filter,All / Saleable / PoS / Filter
point_of_sale.00142,All / Saleable / PoS,FilterCartridge,All / Saleable / PoS / FilterCartridge,All / Saleable / PoS / FilterCartridge
point_of_sale.00143,All / Saleable / PoS,FilterFuel,All / Saleable / PoS / FilterFuel,All / Saleable / PoS / FilterFuel
point_of_sale.00144,All / Saleable / PoS,FilterCap,All / Saleable / PoS / FilterCap,All / Saleable / PoS / FilterCap
point_of_sale.00145,All / Saleable / PoS,FilterFuel,All / Saleable / PoS / FilterFuel,All / Saleable / PoS / FilterFuel
point_of_sale.00146,All / Saleable / PoS,FilterFuelPump,All / Saleable / PoS / FilterFuelPump,All / Saleable / PoS / FilterFuelPump
point_of_sale.00147,All / Saleable / PoS,FilterPipe,All / Saleable / PoS / FilterPipe,All / Saleable / PoS / FilterPipe
point_of_sale.00148,All / Saleable / PoS,Finisher,All / Saleable / PoS / Finisher,All / Saleable / PoS / Finisher
point_of_sale.00149,All / Saleable / PoS,Flange,All / Saleable / PoS / Flange,All / Saleable / PoS / Flange
point_of_sale.00150,All / Saleable / PoS,Flap,All / Saleable / PoS / Flap,All / Saleable / PoS / Flap
point_of_sale.00151,All / Saleable / PoS,Flasher,All / Saleable / PoS / Flasher,All / Saleable / PoS / Flasher
point_of_sale.00152,All / Saleable / PoS,FlasherUnit,All / Saleable / PoS / FlasherUnit,All / Saleable / PoS / FlasherUnit
point_of_sale.00153,All / Saleable / PoS,FootRest,All / Saleable / PoS / FootRest,All / Saleable / PoS / FootRest
point_of_sale.00154,All / Saleable / PoS,Fork,All / Saleable / PoS / Fork,All / Saleable / PoS / Fork
point_of_sale.00155,All / Saleable / PoS,Foundation,All / Saleable / PoS / Foundation,All / Saleable / PoS / Foundation
point_of_sale.00156,All / Saleable / PoS,Friz68,All / Saleable / PoS / Friz68,All / Saleable / PoS / Friz68
point_of_sale.00157,All / Saleable / PoS,FuelFilter,All / Saleable / PoS / FuelFilter,All / Saleable / PoS / FuelFilter
point_of_sale.00158,All / Saleable / PoS,FuelGuage,All / Saleable / PoS / FuelGuage,All / Saleable / PoS / FuelGuage
point_of_sale.00159,All / Saleable / PoS,FuelPipe,All / Saleable / PoS / FuelPipe,All / Saleable / PoS / FuelPipe
point_of_sale.00160,All / Saleable / PoS,FuelAndThermometerChecker,All / Saleable / PoS / FuelAndThermometerChecker,All / Saleable / PoS / FuelAndThermometerChecker
point_of_sale.00161,All / Saleable / PoS,FuelGuage,All / Saleable / PoS / FuelGuage,All / Saleable / PoS / FuelGuage
point_of_sale.00162,All / Saleable / PoS,FuelPump,All / Saleable / PoS / FuelPump,All / Saleable / PoS / FuelPump
point_of_sale.00163,All / Saleable / PoS,FuelTank,All / Saleable / PoS / FuelTank,All / Saleable / PoS / FuelTank
point_of_sale.00164,All / Saleable / PoS,FuelValve,All / Saleable / PoS / FuelValve,All / Saleable / PoS / FuelValve
point_of_sale.00165,All / Saleable / PoS,Fuse,All / Saleable / PoS / Fuse,All / Saleable / PoS / Fuse
point_of_sale.00166,All / Saleable / PoS,Garnish,All / Saleable / PoS / Garnish,All / Saleable / PoS / Garnish
point_of_sale.00167,All / Saleable / PoS,Gasket,All / Saleable / PoS / Gasket,All / Saleable / PoS / Gasket
point_of_sale.00168,All / Saleable / PoS,Gauge,All / Saleable / PoS / Gauge,All / Saleable / PoS / Gauge
point_of_sale.00169,All / Saleable / PoS,Gear,All / Saleable / PoS / Gear,All / Saleable / PoS / Gear
point_of_sale.00170,All / Saleable / PoS,GearHp,All / Saleable / PoS / GearHp,All / Saleable / PoS / GearHp
point_of_sale.00171,All / Saleable / PoS,GearShifter,All / Saleable / PoS / GearShifter,All / Saleable / PoS / GearShifter
point_of_sale.00172,All / Saleable / PoS,Gem,All / Saleable / PoS / Gem,All / Saleable / PoS / Gem
point_of_sale.00173,All / Saleable / PoS,Glass,All / Saleable / PoS / Glass,All / Saleable / PoS / Glass
point_of_sale.00174,All / Saleable / PoS,Grease,All / Saleable / PoS / Grease,All / Saleable / PoS / Grease
point_of_sale.00175,All / Saleable / PoS,Grille,All / Saleable / PoS / Grille,All / Saleable / PoS / Grille
point_of_sale.00176,All / Saleable / PoS,Grip,All / Saleable / PoS / Grip,All / Saleable / PoS / Grip
point_of_sale.00177,All / Saleable / PoS,Grommet,All / Saleable / PoS / Grommet,All / Saleable / PoS / Grommet
point_of_sale.00178,All / Saleable / PoS,Guage,All / Saleable / PoS / Guage,All / Saleable / PoS / Guage
point_of_sale.00179,All / Saleable / PoS,Guard,All / Saleable / PoS / Guard,All / Saleable / PoS / Guard
point_of_sale.00180,All / Saleable / PoS,Guide,All / Saleable / PoS / Guide,All / Saleable / PoS / Guide
point_of_sale.00181,All / Saleable / PoS,Handle,All / Saleable / PoS / Handle,All / Saleable / PoS / Handle
point_of_sale.00182,All / Saleable / PoS,HangerSet,All / Saleable / PoS / HangerSet,All / Saleable / PoS / HangerSet
point_of_sale.00183,All / Saleable / PoS,HaseP.C.V,All / Saleable / PoS / HaseP.C.V,All / Saleable / PoS / HaseP.C.V
point_of_sale.00184,All / Saleable / PoS,Hbf,All / Saleable / PoS / Hbf,All / Saleable / PoS / Hbf
point_of_sale.00185,All / Saleable / PoS,HeadCylinder,All / Saleable / PoS / HeadCylinder,All / Saleable / PoS / HeadCylinder
point_of_sale.00186,All / Saleable / PoS,HeatGange,All / Saleable / PoS / HeatGange,All / Saleable / PoS / HeatGange
point_of_sale.00187,All / Saleable / PoS,Heater,All / Saleable / PoS / Heater,All / Saleable / PoS / Heater
point_of_sale.00188,All / Saleable / PoS,HeaterGuage,All / Saleable / PoS / HeaterGuage,All / Saleable / PoS / HeaterGuage
point_of_sale.00189,All / Saleable / PoS,Hing,All / Saleable / PoS / Hing,All / Saleable / PoS / Hing
point_of_sale.00190,All / Saleable / PoS,Hinge,All / Saleable / PoS / Hinge,All / Saleable / PoS / Hinge
point_of_sale.00191,All / Saleable / PoS,Holder,All / Saleable / PoS / Holder,All / Saleable / PoS / Holder
point_of_sale.00192,All / Saleable / PoS,HoneFlexible,All / Saleable / PoS / HoneFlexible,All / Saleable / PoS / HoneFlexible
point_of_sale.00193,All / Saleable / PoS,Hood,All / Saleable / PoS / Hood,All / Saleable / PoS / Hood
point_of_sale.00194,All / Saleable / PoS,HoodCloth,All / Saleable / PoS / HoodCloth,All / Saleable / PoS / HoodCloth
point_of_sale.00195,All / Saleable / PoS,Hook,All / Saleable / PoS / Hook,All / Saleable / PoS / Hook
point_of_sale.00196,All / Saleable / PoS,Horn,All / Saleable / PoS / Horn,All / Saleable / PoS / Horn
point_of_sale.00197,All / Saleable / PoS,Hose,All / Saleable / PoS / Hose,All / Saleable / PoS / Hose
point_of_sale.00198,All / Saleable / PoS,Housing,All / Saleable / PoS / Housing,All / Saleable / PoS / Housing
point_of_sale.00199,All / Saleable / PoS,Hub,All / Saleable / PoS / Hub,All / Saleable / PoS / Hub
point_of_sale.00200,All / Saleable / PoS,IgnitionSwitch,All / Saleable / PoS / IgnitionSwitch,All / Saleable / PoS / IgnitionSwitch
point_of_sale.00201,All / Saleable / PoS,InjectionPump,All / Saleable / PoS / InjectionPump,All / Saleable / PoS / InjectionPump
point_of_sale.00202,All / Saleable / PoS,Injector,All / Saleable / PoS / Injector,All / Saleable / PoS / Injector
point_of_sale.00203,All / Saleable / PoS,Insulating,All / Saleable / PoS / Insulating,All / Saleable / PoS / Insulating
point_of_sale.00204,All / Saleable / PoS,Insulator,All / Saleable / PoS / Insulator,All / Saleable / PoS / Insulator
point_of_sale.00205,All / Saleable / PoS,Joint,All / Saleable / PoS / Joint,All / Saleable / PoS / Joint
point_of_sale.00206,All / Saleable / PoS,Key,All / Saleable / PoS / Key,All / Saleable / PoS / Key
point_of_sale.00207,All / Saleable / PoS,Kick,All / Saleable / PoS / Kick,All / Saleable / PoS / Kick
point_of_sale.00208,All / Saleable / PoS,KitConvertOverhaul,All / Saleable / PoS / KitConvertOverhaul,All / Saleable / PoS / KitConvertOverhaul
point_of_sale.00209,All / Saleable / PoS,KnitClean22,All / Saleable / PoS / KnitClean22,All / Saleable / PoS / KnitClean22
point_of_sale.00210,All / Saleable / PoS,Knob,All / Saleable / PoS / Knob,All / Saleable / PoS / Knob
point_of_sale.00211,All / Saleable / PoS,Knuckle,All / Saleable / PoS / Knuckle,All / Saleable / PoS / Knuckle
point_of_sale.00212,All / Saleable / PoS,Lable,All / Saleable / PoS / Lable,All / Saleable / PoS / Lable
point_of_sale.00213,All / Saleable / PoS,Lamp,All / Saleable / PoS / Lamp,All / Saleable / PoS / Lamp
point_of_sale.00214,All / Saleable / PoS,Level,All / Saleable / PoS / Level,All / Saleable / PoS / Level
point_of_sale.00215,All / Saleable / PoS,Lever,All / Saleable / PoS / Lever,All / Saleable / PoS / Lever
point_of_sale.00216,All / Saleable / PoS,LhWeathershield,All / Saleable / PoS / LhWeathershield,All / Saleable / PoS / LhWeathershield
point_of_sale.00217,All / Saleable / PoS,LhfDoorActuator,All / Saleable / PoS / LhfDoorActuator,All / Saleable / PoS / LhfDoorActuator
point_of_sale.00218,All / Saleable / PoS,Lid,All / Saleable / PoS / Lid,All / Saleable / PoS / Lid
point_of_sale.00219,All / Saleable / PoS,Light,All / Saleable / PoS / Light,All / Saleable / PoS / Light
point_of_sale.00220,All / Saleable / PoS,Lighter,All / Saleable / PoS / Lighter,All / Saleable / PoS / Lighter
point_of_sale.00221,All / Saleable / PoS,Link,All / Saleable / PoS / Link,All / Saleable / PoS / Link
point_of_sale.00222,All / Saleable / PoS,Lock,All / Saleable / PoS / Lock,All / Saleable / PoS / Lock
point_of_sale.00223,All / Saleable / PoS,LowerMetalBar,All / Saleable / PoS / LowerMetalBar,All / Saleable / PoS / LowerMetalBar
point_of_sale.00224,All / Saleable / PoS,Lubricator,All / Saleable / PoS / Lubricator,All / Saleable / PoS / Lubricator
point_of_sale.00225,All / Saleable / PoS,Luggage,All / Saleable / PoS / Luggage,All / Saleable / PoS / Luggage
point_of_sale.00226,All / Saleable / PoS,Magneto,All / Saleable / PoS / Magneto,All / Saleable / PoS / Magneto
point_of_sale.00227,All / Saleable / PoS,MainShaft,All / Saleable / PoS / MainShaft,All / Saleable / PoS / MainShaft
point_of_sale.00228,All / Saleable / PoS,Manifold,All / Saleable / PoS / Manifold,All / Saleable / PoS / Manifold
point_of_sale.00229,All / Saleable / PoS,Manual,All / Saleable / PoS / Manual,All / Saleable / PoS / Manual
point_of_sale.00230,All / Saleable / PoS,MemberEng,All / Saleable / PoS / MemberEng,All / Saleable / PoS / MemberEng
point_of_sale.00231,All / Saleable / PoS,MeshSp,All / Saleable / PoS / MeshSp,All / Saleable / PoS / MeshSp
point_of_sale.00232,All / Saleable / PoS,MetalSet,All / Saleable / PoS / MetalSet,All / Saleable / PoS / MetalSet
point_of_sale.00233,All / Saleable / PoS,Meter,All / Saleable / PoS / Meter,All / Saleable / PoS / Meter
point_of_sale.00234,All / Saleable / PoS,MiddlePipe,All / Saleable / PoS / MiddlePipe,All / Saleable / PoS / MiddlePipe
point_of_sale.00235,All / Saleable / PoS,Mirror,All / Saleable / PoS / Mirror,All / Saleable / PoS / Mirror
point_of_sale.00236,All / Saleable / PoS,Module,All / Saleable / PoS / Module,All / Saleable / PoS / Module
point_of_sale.00237,All / Saleable / PoS,ModulePowertrain,All / Saleable / PoS / ModulePowertrain,All / Saleable / PoS / ModulePowertrain
point_of_sale.00238,All / Saleable / PoS,Motor,All / Saleable / PoS / Motor,All / Saleable / PoS / Motor
point_of_sale.00239,All / Saleable / PoS,Moulding,All / Saleable / PoS / Moulding,All / Saleable / PoS / Moulding
point_of_sale.00240,All / Saleable / PoS,Mount,All / Saleable / PoS / Mount,All / Saleable / PoS / Mount
point_of_sale.00241,All / Saleable / PoS,Mounting,All / Saleable / PoS / Mounting,All / Saleable / PoS / Mounting
point_of_sale.00242,All / Saleable / PoS,MudFlap,All / Saleable / PoS / MudFlap,All / Saleable / PoS / MudFlap
point_of_sale.00243,All / Saleable / PoS,MudGuard,All / Saleable / PoS / MudGuard,All / Saleable / PoS / MudGuard
point_of_sale.00244,All / Saleable / PoS,Muffler,All / Saleable / PoS / Muffler,All / Saleable / PoS / Muffler
point_of_sale.00245,All / Saleable / PoS,NameSide,All / Saleable / PoS / NameSide,All / Saleable / PoS / NameSide
point_of_sale.00246,All / Saleable / PoS,Needle,All / Saleable / PoS / Needle,All / Saleable / PoS / Needle
point_of_sale.00247,All / Saleable / PoS,Nipple,All / Saleable / PoS / Nipple,All / Saleable / PoS / Nipple
point_of_sale.00248,All / Saleable / PoS,Nose,All / Saleable / PoS / Nose,All / Saleable / PoS / Nose
point_of_sale.00249,All / Saleable / PoS,Nozzel,All / Saleable / PoS / Nozzel,All / Saleable / PoS / Nozzel
point_of_sale.00250,All / Saleable / PoS,NumberPlate,All / Saleable / PoS / NumberPlate,All / Saleable / PoS / NumberPlate
point_of_sale.00251,All / Saleable / PoS,Nut,All / Saleable / PoS / Nut,All / Saleable / PoS / Nut
point_of_sale.00252,All / Saleable / PoS,ORing,All / Saleable / PoS / ORing,All / Saleable / PoS / ORing
point_of_sale.00253,All / Saleable / PoS,O/HKit,All / Saleable / PoS / O/HKit,All / Saleable / PoS / O/HKit
point_of_sale.00254,All / Saleable / PoS,Oil,All / Saleable / PoS / Oil,All / Saleable / PoS / Oil
point_of_sale.00255,All / Saleable / PoS,OilBaffle,All / Saleable / PoS / OilBaffle,All / Saleable / PoS / OilBaffle
point_of_sale.00256,All / Saleable / PoS,OilBath,All / Saleable / PoS / OilBath,All / Saleable / PoS / OilBath
point_of_sale.00257,All / Saleable / PoS,OilFilter,All / Saleable / PoS / OilFilter,All / Saleable / PoS / OilFilter
point_of_sale.00258,All / Saleable / PoS,OilGuage,All / Saleable / PoS / OilGuage,All / Saleable / PoS / OilGuage
point_of_sale.00259,All / Saleable / PoS,OilPump,All / Saleable / PoS / OilPump,All / Saleable / PoS / OilPump
point_of_sale.00260,All / Saleable / PoS,OilSeal,All / Saleable / PoS / OilSeal,All / Saleable / PoS / OilSeal
point_of_sale.00261,All / Saleable / PoS,Packing,All / Saleable / PoS / Packing,All / Saleable / PoS / Packing
point_of_sale.00262,All / Saleable / PoS,Pad,All / Saleable / PoS / Pad,All / Saleable / PoS / Pad
point_of_sale.00263,All / Saleable / PoS,Padel,All / Saleable / PoS / Padel,All / Saleable / PoS / Padel
point_of_sale.00264,All / Saleable / PoS,Panel,All / Saleable / PoS / Panel,All / Saleable / PoS / Panel
point_of_sale.00265,All / Saleable / PoS,PickUp,All / Saleable / PoS / PickUp,All / Saleable / PoS / PickUp
point_of_sale.00266,All / Saleable / PoS,Pick-UpSet,All / Saleable / PoS / Pick-UpSet,All / Saleable / PoS / Pick-UpSet
point_of_sale.00267,All / Saleable / PoS,Piller,All / Saleable / PoS / Piller,All / Saleable / PoS / Piller
point_of_sale.00268,All / Saleable / PoS,Pin,All / Saleable / PoS / Pin,All / Saleable / PoS / Pin
point_of_sale.00269,All / Saleable / PoS,Pinion,All / Saleable / PoS / Pinion,All / Saleable / PoS / Pinion
point_of_sale.00270,All / Saleable / PoS,Pipe,All / Saleable / PoS / Pipe,All / Saleable / PoS / Pipe
point_of_sale.00271,All / Saleable / PoS,Piston,All / Saleable / PoS / Piston,All / Saleable / PoS / Piston
point_of_sale.00272,All / Saleable / PoS,PistonRing,All / Saleable / PoS / PistonRing,All / Saleable / PoS / PistonRing
point_of_sale.00273,All / Saleable / PoS,Pivot,All / Saleable / PoS / Pivot,All / Saleable / PoS / Pivot
point_of_sale.00274,All / Saleable / PoS,PlasticStopper,All / Saleable / PoS / PlasticStopper,All / Saleable / PoS / PlasticStopper
point_of_sale.00275,All / Saleable / PoS,Plate,All / Saleable / PoS / Plate,All / Saleable / PoS / Plate
point_of_sale.00276,All / Saleable / PoS,PlexLc2,All / Saleable / PoS / PlexLc2,All / Saleable / PoS / PlexLc2
point_of_sale.00277,All / Saleable / PoS,Plug,All / Saleable / PoS / Plug,All / Saleable / PoS / Plug
point_of_sale.00278,All / Saleable / PoS,Plunger,All / Saleable / PoS / Plunger,All / Saleable / PoS / Plunger
point_of_sale.00279,All / Saleable / PoS,PowerSteering,All / Saleable / PoS / PowerSteering,All / Saleable / PoS / PowerSteering
point_of_sale.00280,All / Saleable / PoS,PreloadMeasuringAttachment,All / Saleable / PoS / PreloadMeasuringAttachment,All / Saleable / PoS / PreloadMeasuringAttachment
point_of_sale.00281,All / Saleable / PoS,PremiumCf4,All / Saleable / PoS / PremiumCf4,All / Saleable / PoS / PremiumCf4
point_of_sale.00282,All / Saleable / PoS,Press,All / Saleable / PoS / Press,All / Saleable / PoS / Press
point_of_sale.00283,All / Saleable / PoS,PressureRg.Fuel,All / Saleable / PoS / PressureRg.Fuel,All / Saleable / PoS / PressureRg.Fuel
point_of_sale.00284,All / Saleable / PoS,PressureeKit,All / Saleable / PoS / PressureeKit,All / Saleable / PoS / PressureeKit
point_of_sale.00285,All / Saleable / PoS,Pride40,All / Saleable / PoS / Pride40,All / Saleable / PoS / Pride40
point_of_sale.00286,All / Saleable / PoS,Protector,All / Saleable / PoS / Protector,All / Saleable / PoS / Protector
point_of_sale.00287,All / Saleable / PoS,Pulley,All / Saleable / PoS / Pulley,All / Saleable / PoS / Pulley
point_of_sale.00288,All / Saleable / PoS,Pump,All / Saleable / PoS / Pump,All / Saleable / PoS / Pump
point_of_sale.00289,All / Saleable / PoS,Rachet,All / Saleable / PoS / Rachet,All / Saleable / PoS / Rachet
point_of_sale.00290,All / Saleable / PoS,Radiator,All / Saleable / PoS / Radiator,All / Saleable / PoS / Radiator
point_of_sale.00291,All / Saleable / PoS,Rectifier,All / Saleable / PoS / Rectifier,All / Saleable / PoS / Rectifier
point_of_sale.00292,All / Saleable / PoS,Regulator,All / Saleable / PoS / Regulator,All / Saleable / PoS / Regulator
point_of_sale.00293,All / Saleable / PoS,ReleaseBonet,All / Saleable / PoS / ReleaseBonet,All / Saleable / PoS / ReleaseBonet
point_of_sale.00294,All / Saleable / PoS,Resistor,All / Saleable / PoS / Resistor,All / Saleable / PoS / Resistor
point_of_sale.00295,All / Saleable / PoS,ResistorVariable,All / Saleable / PoS / ResistorVariable,All / Saleable / PoS / ResistorVariable
point_of_sale.00296,All / Saleable / PoS,ResistorBlowerUnit,All / Saleable / PoS / ResistorBlowerUnit,All / Saleable / PoS / ResistorBlowerUnit
point_of_sale.00297,All / Saleable / PoS,Ressistor,All / Saleable / PoS / Ressistor,All / Saleable / PoS / Ressistor
point_of_sale.00298,All / Saleable / PoS,RetaineUnion,All / Saleable / PoS / RetaineUnion,All / Saleable / PoS / RetaineUnion
point_of_sale.00299,All / Saleable / PoS,Rim,All / Saleable / PoS / Rim,All / Saleable / PoS / Rim
point_of_sale.00300,All / Saleable / PoS,Ring,All / Saleable / PoS / Ring,All / Saleable / PoS / Ring
point_of_sale.00301,All / Saleable / PoS,RingSet,All / Saleable / PoS / RingSet,All / Saleable / PoS / RingSet
point_of_sale.00302,All / Saleable / PoS,Rivert,All / Saleable / PoS / Rivert,All / Saleable / PoS / Rivert
point_of_sale.00303,All / Saleable / PoS,RockerArm,All / Saleable / PoS / RockerArm,All / Saleable / PoS / RockerArm
point_of_sale.00304,All / Saleable / PoS,Rod,All / Saleable / PoS / Rod,All / Saleable / PoS / Rod
point_of_sale.00305,All / Saleable / PoS,RodControl,All / Saleable / PoS / RodControl,All / Saleable / PoS / RodControl
point_of_sale.00306,All / Saleable / PoS,RodTunionL/H,All / Saleable / PoS / RodTunionL/H,All / Saleable / PoS / RodTunionL/H
point_of_sale.00307,All / Saleable / PoS,RodTunionR/H,All / Saleable / PoS / RodTunionR/H,All / Saleable / PoS / RodTunionR/H
point_of_sale.00308,All / Saleable / PoS,Roller,All / Saleable / PoS / Roller,All / Saleable / PoS / Roller
point_of_sale.00309,All / Saleable / PoS,Roter,All / Saleable / PoS / Roter,All / Saleable / PoS / Roter
point_of_sale.00310,All / Saleable / PoS,Rubber,All / Saleable / PoS / Rubber,All / Saleable / PoS / Rubber
point_of_sale.00311,All / Saleable / PoS,RubberStop,All / Saleable / PoS / RubberStop,All / Saleable / PoS / RubberStop
point_of_sale.00312,All / Saleable / PoS,RubberStrut,All / Saleable / PoS / RubberStrut,All / Saleable / PoS / RubberStrut
point_of_sale.00313,All / Saleable / PoS,Rubber-Stab.Frt.,All / Saleable / PoS / Rubber-Stab.Frt.,All / Saleable / PoS / Rubber-Stab.Frt.
point_of_sale.00314,All / Saleable / PoS,Runchannel(Sli.Dr.),All / Saleable / PoS / Runchannel(Sli.Dr.),All / Saleable / PoS / Runchannel(Sli.Dr.)
point_of_sale.00315,All / Saleable / PoS,Screw,All / Saleable / PoS / Screw,All / Saleable / PoS / Screw
point_of_sale.00316,All / Saleable / PoS,Seal,All / Saleable / PoS / Seal,All / Saleable / PoS / Seal
point_of_sale.00317,All / Saleable / PoS,Sealing,All / Saleable / PoS / Sealing,All / Saleable / PoS / Sealing
point_of_sale.00318,All / Saleable / PoS,Seat,All / Saleable / PoS / Seat,All / Saleable / PoS / Seat
point_of_sale.00319,All / Saleable / PoS,SeatRubber,All / Saleable / PoS / SeatRubber,All / Saleable / PoS / SeatRubber
point_of_sale.00320,All / Saleable / PoS,Sector,All / Saleable / PoS / Sector,All / Saleable / PoS / Sector
point_of_sale.00321,All / Saleable / PoS,Sediminator,All / Saleable / PoS / Sediminator,All / Saleable / PoS / Sediminator
point_of_sale.00322,All / Saleable / PoS,Sencer,All / Saleable / PoS / Sencer,All / Saleable / PoS / Sencer
point_of_sale.00323,All / Saleable / PoS,ServiceManual,All / Saleable / PoS / ServiceManual,All / Saleable / PoS / ServiceManual
point_of_sale.00324,All / Saleable / PoS,Shackle,All / Saleable / PoS / Shackle,All / Saleable / PoS / Shackle
point_of_sale.00325,All / Saleable / PoS,Shaft,All / Saleable / PoS / Shaft,All / Saleable / PoS / Shaft
point_of_sale.00326,All / Saleable / PoS,Sheet,All / Saleable / PoS / Sheet,All / Saleable / PoS / Sheet
point_of_sale.00327,All / Saleable / PoS,Shield,All / Saleable / PoS / Shield,All / Saleable / PoS / Shield
point_of_sale.00328,All / Saleable / PoS,Shim,All / Saleable / PoS / Shim,All / Saleable / PoS / Shim
point_of_sale.00329,All / Saleable / PoS,Shock,All / Saleable / PoS / Shock,All / Saleable / PoS / Shock
point_of_sale.00330,All / Saleable / PoS,ShockAbsorber,All / Saleable / PoS / ShockAbsorber,All / Saleable / PoS / ShockAbsorber
point_of_sale.00331,All / Saleable / PoS,SideCover,All / Saleable / PoS / SideCover,All / Saleable / PoS / SideCover
point_of_sale.00332,All / Saleable / PoS,Sidimentator,All / Saleable / PoS / Sidimentator,All / Saleable / PoS / Sidimentator
point_of_sale.00333,All / Saleable / PoS,Silencer,All / Saleable / PoS / Silencer,All / Saleable / PoS / Silencer
point_of_sale.00334,All / Saleable / PoS,Skirt,All / Saleable / PoS / Skirt,All / Saleable / PoS / Skirt
point_of_sale.00335,All / Saleable / PoS,Sleeve,All / Saleable / PoS / Sleeve,All / Saleable / PoS / Sleeve
point_of_sale.00336,All / Saleable / PoS,SliderBlock,All / Saleable / PoS / SliderBlock,All / Saleable / PoS / SliderBlock
point_of_sale.00337,All / Saleable / PoS,Sm175,All / Saleable / PoS / Sm175,All / Saleable / PoS / Sm175
point_of_sale.00338,All / Saleable / PoS,Socket,All / Saleable / PoS / Socket,All / Saleable / PoS / Socket
point_of_sale.00339,All / Saleable / PoS,Spacer,All / Saleable / PoS / Spacer,All / Saleable / PoS / Spacer
point_of_sale.00340,All / Saleable / PoS,Spanner,All / Saleable / PoS / Spanner,All / Saleable / PoS / Spanner
point_of_sale.00341,All / Saleable / PoS,SpareWheel,All / Saleable / PoS / SpareWheel,All / Saleable / PoS / SpareWheel
point_of_sale.00342,All / Saleable / PoS,SparkPlug,All / Saleable / PoS / SparkPlug,All / Saleable / PoS / SparkPlug
point_of_sale.00343,All / Saleable / PoS,SpeedoMeter,All / Saleable / PoS / SpeedoMeter,All / Saleable / PoS / SpeedoMeter
point_of_sale.00344,All / Saleable / PoS,Spindle,All / Saleable / PoS / Spindle,All / Saleable / PoS / Spindle
point_of_sale.00345,All / Saleable / PoS,Spoiler,All / Saleable / PoS / Spoiler,All / Saleable / PoS / Spoiler
point_of_sale.00346,All / Saleable / PoS,Spoke,All / Saleable / PoS / Spoke,All / Saleable / PoS / Spoke
point_of_sale.00347,All / Saleable / PoS,Spring,All / Saleable / PoS / Spring,All / Saleable / PoS / Spring
point_of_sale.00348,All / Saleable / PoS,Sprocket,All / Saleable / PoS / Sprocket,All / Saleable / PoS / Sprocket
point_of_sale.00349,All / Saleable / PoS,Srink,All / Saleable / PoS / Srink,All / Saleable / PoS / Srink
point_of_sale.00350,All / Saleable / PoS,St.Mo.Wheel,All / Saleable / PoS / St.Mo.Wheel,All / Saleable / PoS / St.Mo.Wheel
point_of_sale.00351,All / Saleable / PoS,Stab,All / Saleable / PoS / Stab,All / Saleable / PoS / Stab
point_of_sale.00352,All / Saleable / PoS,Stabilizer,All / Saleable / PoS / Stabilizer,All / Saleable / PoS / Stabilizer
point_of_sale.00353,All / Saleable / PoS,Stand,All / Saleable / PoS / Stand,All / Saleable / PoS / Stand
point_of_sale.00354,All / Saleable / PoS,StarterMotor,All / Saleable / PoS / StarterMotor,All / Saleable / PoS / StarterMotor
point_of_sale.00355,All / Saleable / PoS,Stay,All / Saleable / PoS / Stay,All / Saleable / PoS / Stay
point_of_sale.00356,All / Saleable / PoS,SteelBall,All / Saleable / PoS / SteelBall,All / Saleable / PoS / SteelBall
point_of_sale.00357,All / Saleable / PoS,Steering,All / Saleable / PoS / Steering,All / Saleable / PoS / Steering
point_of_sale.00358,All / Saleable / PoS,SteeringCover,All / Saleable / PoS / SteeringCover,All / Saleable / PoS / SteeringCover
point_of_sale.00359,All / Saleable / PoS,SteeringPump,All / Saleable / PoS / SteeringPump,All / Saleable / PoS / SteeringPump
point_of_sale.00360,All / Saleable / PoS,Stoper,All / Saleable / PoS / Stoper,All / Saleable / PoS / Stoper
point_of_sale.00361,All / Saleable / PoS,Strainer,All / Saleable / PoS / Strainer,All / Saleable / PoS / Strainer
point_of_sale.00362,All / Saleable / PoS,Stripe,All / Saleable / PoS / Stripe,All / Saleable / PoS / Stripe
point_of_sale.00363,All / Saleable / PoS,Strut,All / Saleable / PoS / Strut,All / Saleable / PoS / Strut
point_of_sale.00364,All / Saleable / PoS,Stud,All / Saleable / PoS / Stud,All / Saleable / PoS / Stud
point_of_sale.00365,All / Saleable / PoS,Sump,All / Saleable / PoS / Sump,All / Saleable / PoS / Sump
point_of_sale.00366,All / Saleable / PoS,SunWiser,All / Saleable / PoS / SunWiser,All / Saleable / PoS / SunWiser
point_of_sale.00367,All / Saleable / PoS,Superior20W40,All / Saleable / PoS / Superior20W40,All / Saleable / PoS / Superior20W40
point_of_sale.00368,All / Saleable / PoS,Support,All / Saleable / PoS / Support,All / Saleable / PoS / Support
point_of_sale.00369,All / Saleable / PoS,Suspension,All / Saleable / PoS / Suspension,All / Saleable / PoS / Suspension
point_of_sale.00370,All / Saleable / PoS,SwingArm,All / Saleable / PoS / SwingArm,All / Saleable / PoS / SwingArm
point_of_sale.00371,All / Saleable / PoS,Switch,All / Saleable / PoS / Switch,All / Saleable / PoS / Switch
point_of_sale.00372,All / Saleable / PoS,"Swivel,Anchor","All / Saleable / PoS / Swivel,Anchor","All / Saleable / PoS / Swivel,Anchor"
point_of_sale.00373,All / Saleable / PoS,System,All / Saleable / PoS / System,All / Saleable / PoS / System
point_of_sale.00374,All / Saleable / PoS,SystemSelector,All / Saleable / PoS / SystemSelector,All / Saleable / PoS / SystemSelector
point_of_sale.00375,All / Saleable / PoS,Tank,All / Saleable / PoS / Tank,All / Saleable / PoS / Tank
point_of_sale.00376,All / Saleable / PoS,Tappet,All / Saleable / PoS / Tappet,All / Saleable / PoS / Tappet
point_of_sale.00377,All / Saleable / PoS,Tensioner,All / Saleable / PoS / Tensioner,All / Saleable / PoS / Tensioner
point_of_sale.00378,All / Saleable / PoS,Terminal,All / Saleable / PoS / Terminal,All / Saleable / PoS / Terminal
point_of_sale.00379,All / Saleable / PoS,TerminalBord,All / Saleable / PoS / TerminalBord,All / Saleable / PoS / TerminalBord
point_of_sale.00380,All / Saleable / PoS,Thermostat,All / Saleable / PoS / Thermostat,All / Saleable / PoS / Thermostat
point_of_sale.00381,All / Saleable / PoS,Thermsuper,All / Saleable / PoS / Thermsuper,All / Saleable / PoS / Thermsuper
point_of_sale.00382,All / Saleable / PoS,TieRod,All / Saleable / PoS / TieRod,All / Saleable / PoS / TieRod
point_of_sale.00383,All / Saleable / PoS,Timer,All / Saleable / PoS / Timer,All / Saleable / PoS / Timer
point_of_sale.00384,All / Saleable / PoS,Tool,All / Saleable / PoS / Tool,All / Saleable / PoS / Tool
point_of_sale.00385,All / Saleable / PoS,TralingArm,All / Saleable / PoS / TralingArm,All / Saleable / PoS / TralingArm
point_of_sale.00386,All / Saleable / PoS,TransfluidA,All / Saleable / PoS / TransfluidA,All / Saleable / PoS / TransfluidA
point_of_sale.00387,All / Saleable / PoS,Tray,All / Saleable / PoS / Tray,All / Saleable / PoS / Tray
point_of_sale.00388,All / Saleable / PoS,Trim,All / Saleable / PoS / Trim,All / Saleable / PoS / Trim
point_of_sale.00389,All / Saleable / PoS,Tube,All / Saleable / PoS / Tube,All / Saleable / PoS / Tube
point_of_sale.00390,All / Saleable / PoS,Tyre,All / Saleable / PoS / Tyre,All / Saleable / PoS / Tyre
point_of_sale.00391,All / Saleable / PoS,Ultra40,All / Saleable / PoS / Ultra40,All / Saleable / PoS / Ultra40
point_of_sale.00392,All / Saleable / PoS,UnitSas,All / Saleable / PoS / UnitSas,All / Saleable / PoS / UnitSas
point_of_sale.00393,All / Saleable / PoS,"Unit,CentralProcessing","All / Saleable / PoS / Unit,CentralProcessing","All / Saleable / PoS / Unit,CentralProcessing"
point_of_sale.00394,All / Saleable / PoS,UnivisalJoint,All / Saleable / PoS / UnivisalJoint,All / Saleable / PoS / UnivisalJoint
point_of_sale.00395,All / Saleable / PoS,VaccumPump,All / Saleable / PoS / VaccumPump,All / Saleable / PoS / VaccumPump
point_of_sale.00396,All / Saleable / PoS,Valve,All / Saleable / PoS / Valve,All / Saleable / PoS / Valve
point_of_sale.00397,All / Saleable / PoS,Vane,All / Saleable / PoS / Vane,All / Saleable / PoS / Vane
point_of_sale.00398,All / Saleable / PoS,Ventilator,All / Saleable / PoS / Ventilator,All / Saleable / PoS / Ventilator
point_of_sale.00399,All / Saleable / PoS,Washer,All / Saleable / PoS / Washer,All / Saleable / PoS / Washer
point_of_sale.00400,All / Saleable / PoS,WaterBottle,All / Saleable / PoS / WaterBottle,All / Saleable / PoS / WaterBottle
point_of_sale.00401,All / Saleable / PoS,WaterPump,All / Saleable / PoS / WaterPump,All / Saleable / PoS / WaterPump
point_of_sale.00402,All / Saleable / PoS,Weathershield,All / Saleable / PoS / Weathershield,All / Saleable / PoS / Weathershield
point_of_sale.00403,All / Saleable / PoS,"Welt,Seaming","All / Saleable / PoS / Welt,Seaming","All / Saleable / PoS / Welt,Seaming"
point_of_sale.00404,All / Saleable / PoS,Wheel,All / Saleable / PoS / Wheel,All / Saleable / PoS / Wheel
point_of_sale.00405,All / Saleable / PoS,WheelRim,All / Saleable / PoS / WheelRim,All / Saleable / PoS / WheelRim
point_of_sale.00406,All / Saleable / PoS,Windor,All / Saleable / PoS / Windor,All / Saleable / PoS / Windor
point_of_sale.00407,All / Saleable / PoS,Window,All / Saleable / PoS / Window,All / Saleable / PoS / Window
point_of_sale.00408,All / Saleable / PoS,Windscreen,All / Saleable / PoS / Windscreen,All / Saleable / PoS / Windscreen
point_of_sale.00409,All / Saleable / PoS,WindscreenFrame,All / Saleable / PoS / WindscreenFrame,All / Saleable / PoS / WindscreenFrame
point_of_sale.00410,All / Saleable / PoS,WindshieidComplete,All / Saleable / PoS / WindshieidComplete,All / Saleable / PoS / WindshieidComplete
point_of_sale.00411,All / Saleable / PoS,WindshieidFrame,All / Saleable / PoS / WindshieidFrame,All / Saleable / PoS / WindshieidFrame
point_of_sale.00412,All / Saleable / PoS,Wiper,All / Saleable / PoS / Wiper,All / Saleable / PoS / Wiper
point_of_sale.00413,All / Saleable / PoS,WiperArm,All / Saleable / PoS / WiperArm,All / Saleable / PoS / WiperArm
point_of_sale.00414,All / Saleable / PoS,WiperMotor,All / Saleable / PoS / WiperMotor,All / Saleable / PoS / WiperMotor
point_of_sale.00415,All / Saleable / PoS,WiringHarness,All / Saleable / PoS / WiringHarness,All / Saleable / PoS / WiringHarness
point_of_sale.00416,All / Saleable / PoS,Wrench,All / Saleable / PoS / Wrench,All / Saleable / PoS / Wrench
point_of_sale.00417,All / Saleable / PoS,Xee,All / Saleable / PoS / Xee,All / Saleable / PoS / Xee
point_of_sale.00418,All / Saleable / PoS,Yoke,All / Saleable / PoS / Yoke,All / Saleable / PoS / Yoke
point_of_sale.00419,All / Saleable / PoS,GasProject,All / Saleable / PoS / GasProject,All / Saleable / PoS / GasProject
point_of_sale.00420,All / Saleable / PoS,General,All / Saleable / PoS / General,All / Saleable / PoS / General
point_of_sale.00421,All / Saleable / PoS,DiParts,All / Saleable / PoS / DiParts,All / Saleable / PoS / DiParts
point_of_sale.00422,All / Saleable / PoS,ElectronicItems,All / Saleable / PoS / ElectronicItems,All / Saleable / PoS / ElectronicItems
point_of_sale.00423,All / Saleable / PoS,FrontBrakePannel,All / Saleable / PoS / FrontBrakePannel,All / Saleable / PoS / FrontBrakePannel
point_of_sale.00424,All / Saleable / PoS,Adhesive,All / Saleable / PoS / Adhesive,All / Saleable / PoS / Adhesive
point_of_sale.00425,All / Saleable / PoS,Carburetttor,All / Saleable / PoS / Carburetttor,All / Saleable / PoS / Carburetttor
point_of_sale.00426,All / Saleable / PoS,Fluid,All / Saleable / PoS / Fluid,All / Saleable / PoS / Fluid
point_of_sale.00427,All / Saleable / PoS,Fuel,All / Saleable / PoS / Fuel,All / Saleable / PoS / Fuel
point_of_sale.00428,All / Saleable / PoS,GearBox,All / Saleable / PoS / GearBox,All / Saleable / PoS / GearBox
point_of_sale.00429,All / Saleable / PoS,GeneralLubricant,All / Saleable / PoS / GeneralLubricant,All / Saleable / PoS / GeneralLubricant
point_of_sale.00430,All / Saleable / PoS,KnuckleAssembly,All / Saleable / PoS / KnuckleAssembly,All / Saleable / PoS / KnuckleAssembly
point_of_sale.00431,All / Saleable / PoS,Pannel,All / Saleable / PoS / Pannel,All / Saleable / PoS / Pannel
point_of_sale.00432,All / Saleable / PoS,Pod,All / Saleable / PoS / Pod,All / Saleable / PoS / Pod
point_of_sale.00433,All / Saleable / PoS,Rod,All / Saleable / PoS / Rod,All / Saleable / PoS / Rod
point_of_sale.00434,All / Saleable / PoS,Solvent,All / Saleable / PoS / Solvent,All / Saleable / PoS / Solvent
point_of_sale.00435,All / Saleable / PoS,Starter-Recoil,All / Saleable / PoS / Starter-Recoil,All / Saleable / PoS / Starter-Recoil
point_of_sale.00437,All / Saleable / PoS,EngineOil,All / Saleable / PoS / EngineOil,All / Saleable / PoS / EngineOil
point_of_sale.99999,All / Saleable / PoS,DefaultCategory,All / Saleable / PoS / DefaultCategory,All / Saleable / PoS / DefaultCategory
